timestamp,open,high,low,close,volume
2024-10-16T20:00:00+00:00,2615.95,2628.35,2609.7,2611.1,28194.0
2024-10-17T00:00:00+00:00,2614.6,2646.25,2611.1,2641.65,96939.0
2024-10-17T04:00:00+00:00,2642.65,2649.2,2619.7,2628.55,99484.0
2024-10-17T08:00:00+00:00,2629.35,2631.15,2597.2,2599.25,103751.0
2024-10-17T12:00:00+00:00,2599.2,2633.75,2584.25,2630.95,163699.0
2024-10-17T16:00:00+00:00,2630.5,2632.0,2576.0,2595.25,131755.0
2024-10-17T20:00:00+00:00,2595.3,2615.45,2595.3,2606.15,47938.0
2024-10-18T00:00:00+00:00,2605.3,2652.4,2596.8,2610.3,125353.0
2024-10-18T04:00:00+00:00,2611.1,2646.35,2609.4,2645.0,73817.0
2024-10-18T08:00:00+00:00,2644.9,2651.0,2621.55,2622.8,97374.0
2024-10-18T12:00:00+00:00,2622.25,2664.15,2613.0,2653.1,195032.0
2024-10-18T16:00:00+00:00,2653.05,2676.3,2629.85,2651.6,188382.0
2024-10-18T20:00:00+00:00,2650.55,2652.85,2633.55,2642.15,43872.0
2024-10-19T00:00:00+00:00,2642.0,2663.9,2635.3,2646.5,61554.0
2024-10-19T04:00:00+00:00,2646.75,2651.2,2638.0,2641.35,71984.0
2024-10-19T08:00:00+00:00,2641.35,2649.2,2631.35,2631.6,71842.0
2024-10-19T12:00:00+00:00,2631.7,2655.2,2631.45,2646.25,89464.0
2024-10-19T16:00:00+00:00,2646.15,2647.2,2637.3,2641.95,50814.0
2024-10-19T20:00:00+00:00,2642.85,2656.1,2642.0,2650.0,18940.0
2024-10-20T00:00:00+00:00,2649.0,2654.0,2635.9,2640.95,37736.0
2024-10-20T04:00:00+00:00,2640.4,2653.25,2638.55,2646.5,64961.0
2024-10-20T08:00:00+00:00,2646.75,2652.15,2643.6,2650.25,53360.0
2024-10-20T12:00:00+00:00,2650.3,2721.65,2642.15,2706.9,333984.0
2024-10-20T16:00:00+00:00,2707.05,2710.1,2686.7,2700.25,118887.0
2024-10-20T20:00:00+00:00,2701.35,2760.6,2697.9,2748.3,132475.0
2024-10-21T00:00:00+00:00,2746.0,2770.5,2728.0,2735.95,112915.0
2024-10-21T04:00:00+00:00,2736.45,2746.95,2723.8,2724.45,39433.0
2024-10-21T08:00:00+00:00,2724.0,2731.4,2703.5,2707.2,128785.0
2024-10-21T12:00:00+00:00,2706.45,2713.2,2660.65,2681.8,235039.0
2024-10-21T16:00:00+00:00,2681.6,2685.75,2656.65,2681.4,155396.0
2024-10-21T20:00:00+00:00,2680.65,2684.5,2666.9,2667.55,32610.0
2024-10-22T00:00:00+00:00,2669.3,2672.9,2616.25,2646.05,101329.0
2024-10-22T04:00:00+00:00,2644.95,2660.85,2636.9,2647.8,65091.0
2024-10-22T08:00:00+00:00,2647.65,2650.55,2614.4,2634.3,129749.0
2024-10-22T12:00:00+00:00,2634.15,2646.25,2607.6,2625.45,194369.0
2024-10-22T16:00:00+00:00,2625.15,2634.9,2607.9,2629.25,126942.0
2024-10-22T20:00:00+00:00,2628.2,2644.75,2618.7,2622.8,37547.0
2024-10-23T00:00:00+00:00,2626.0,2626.0,2602.15,2617.3,60141.0
2024-10-23T04:00:00+00:00,2617.65,2625.7,2603.35,2604.1,74094.0
2024-10-23T08:00:00+00:00,2603.0,2609.7,2564.05,2581.6,124239.0
2024-10-23T12:00:00+00:00,2582.35,2587.9,2530.35,2540.85,224363.0
2024-10-23T16:00:00+00:00,2540.85,2543.1,2447.65,2513.0,357368.0
2024-10-23T20:00:00+00:00,2510.6,2529.3,2502.65,2525.05,48351.0
2024-10-24T00:00:00+00:00,2525.0,2561.75,2509.5,2545.75,113441.0
2024-10-24T04:00:00+00:00,2545.0,2562.5,2541.0,2545.3,89933.0
2024-10-24T08:00:00+00:00,2545.1,2552.4,2509.4,2530.2,141579.0
2024-10-24T12:00:00+00:00,2530.8,2546.15,2513.9,2526.45,255989.0
2024-10-24T16:00:00+00:00,2526.6,2542.75,2507.85,2540.5,159213.0
2024-10-24T20:00:00+00:00,2540.9,2561.2,2527.5,2536.85,87499.0
2024-10-25T00:00:00+00:00,2537.25,2539.15,2510.25,2522.5,62312.0
2024-10-25T04:00:00+00:00,2522.1,2523.3,2462.45,2484.1,167630.0
2024-10-25T08:00:00+00:00,2484.55,2548.25,2479.0,2545.8,183576.0
2024-10-25T12:00:00+00:00,2546.0,2567.0,2509.05,2525.5,467163.0
2024-10-25T16:00:00+00:00,2525.6,2537.3,2455.9,2477.05,370388.0
2024-10-25T20:00:00+00:00,2478.75,2497.3,2382.45,2441.3,158980.0
2024-10-26T00:00:00+00:00,2441.4,2458.3,2431.75,2452.25,104093.0
2024-10-26T04:00:00+00:00,2452.65,2480.4,2451.7,2466.25,128316.0
2024-10-26T08:00:00+00:00,2464.95,2479.3,2463.65,2473.35,103366.0
2024-10-26T12:00:00+00:00,2473.4,2479.25,2442.9,2457.85,158540.0
2024-10-26T16:00:00+00:00,2457.65,2488.85,2455.8,2486.9,193471.0
2024-10-26T20:00:00+00:00,2486.65,2508.35,2482.55,2483.0,83012.0
2024-10-27T00:00:00+00:00,2483.6,2485.4,2469.95,2485.0,67489.0
2024-10-27T04:00:00+00:00,2485.05,2487.35,2478.25,2481.55,52637.0
2024-10-27T08:00:00+00:00,2482.85,2484.8,2464.65,2470.1,101664.0
2024-10-27T12:00:00+00:00,2470.1,2506.45,2470.1,2502.3,224104.0
2024-10-27T16:00:00+00:00,2502.9,2511.45,2486.2,2494.85,155261.0
2024-10-27T20:00:00+00:00,2495.05,2528.45,2491.25,2508.05,89190.0
2024-10-28T00:00:00+00:00,2509.15,2512.65,2471.75,2477.9,85347.0
2024-10-28T04:00:00+00:00,2476.4,2527.25,2473.5,2512.75,153835.0
2024-10-28T08:00:00+00:00,2513.55,2545.65,2505.4,2527.85,194780.0
2024-10-28T12:00:00+00:00,2527.85,2537.1,2498.9,2501.15,237854.0
2024-10-28T16:00:00+00:00,2501.6,2525.2,2489.0,2508.55,251431.0
2024-10-28T20:00:00+00:00,2506.4,2591.0,2506.25,2567.6,107596.0
2024-10-29T00:00:00+00:00,2567.8,2633.0,2561.55,2608.7,143826.0
2024-10-29T04:00:00+00:00,2610.0,2627.7,2609.95,2613.7,82429.0
2024-10-29T08:00:00+00:00,2614.8,2639.8,2614.8,2631.75,102556.0
2024-10-29T12:00:00+00:00,2632.25,2652.0,2612.3,2649.5,252890.0
2024-10-29T16:00:00+00:00,2649.4,2683.2,2624.25,2625.85,397039.0
2024-10-29T20:00:00+00:00,2627.0,2650.0,2608.3,2640.65,94224.0
2024-10-30T00:00:00+00:00,2641.0,2653.25,2601.7,2644.0,116868.0
2024-10-30T04:00:00+00:00,2643.7,2687.2,2638.3,2671.1,139504.0
2024-10-30T08:00:00+00:00,2670.8,2699.1,2659.45,2661.3,214383.0
2024-10-30T12:00:00+00:00,2661.5,2725.45,2655.0,2684.85,349869.0
2024-10-30T16:00:00+00:00,2684.95,2698.25,2654.65,2655.25,184493.0
2024-10-30T20:00:00+00:00,2656.7,2686.55,2635.9,2660.85,111412.0
2024-10-31T00:00:00+00:00,2661.0,2671.0,2639.6,2658.1,93901.0
2024-10-31T04:00:00+00:00,2658.85,2659.15,2633.25,2648.65,89752.0
2024-10-31T08:00:00+00:00,2649.1,2650.25,2626.9,2640.4,142776.0
2024-10-31T12:00:00+00:00,2638.6,2642.8,2542.4,2564.55,320640.0
2024-10-31T16:00:00+00:00,2563.0,2565.0,2508.15,2516.7,235781.0
2024-10-31T20:00:00+00:00,2517.0,2529.7,2504.35,2520.3,68917.0
2024-11-01T00:00:00+00:00,2518.95,2534.3,2469.1,2503.25,214542.0
2024-11-01T04:00:00+00:00,2503.4,2516.5,2485.5,2503.9,173039.0
2024-11-01T08:00:00+00:00,2504.1,2525.8,2494.95,2515.8,179994.0
2024-11-01T12:00:00+00:00,2516.45,2587.4,2481.45,2499.95,442289.0
2024-11-01T16:00:00+00:00,2498.45,2538.2,2495.35,2516.3,233869.0
2024-11-01T20:00:00+00:00,2514.7,2528.0,2486.0,2513.0,61772.0
2024-11-02T00:00:00+00:00,2512.7,2523.6,2501.45,2506.25,58164.0
2024-11-02T04:00:00+00:00,2506.4,2513.7,2499.0,2507.4,96661.0
2024-11-02T08:00:00+00:00,2506.75,2510.15,2491.05,2501.85,82075.0
2024-11-02T12:00:00+00:00,2502.2,2504.2,2468.6,2488.35,253472.0
2024-11-02T16:00:00+00:00,2489.0,2497.15,2478.8,2492.8,106152.0
2024-11-02T20:00:00+00:00,2492.75,2497.5,2484.4,2493.65,30569.0
2024-11-03T00:00:00+00:00,2493.5,2496.4,2420.85,2448.9,264585.0
2024-11-03T04:00:00+00:00,2449.2,2463.5,2440.5,2450.0,148674.0
2024-11-03T08:00:00+00:00,2449.2,2462.45,2443.8,2454.7,141753.0
2024-11-03T12:00:00+00:00,2454.3,2460.15,2412.65,2442.35,231880.0
2024-11-03T16:00:00+00:00,2442.0,2459.25,2410.35,2452.3,343009.0
2024-11-03T20:00:00+00:00,2452.9,2474.8,2447.25,2456.85,98935.0
2024-11-04T00:00:00+00:00,2453.55,2491.0,2434.7,2473.5,94364.0
2024-11-04T04:00:00+00:00,2473.95,2482.05,2457.0,2459.4,102584.0
2024-11-04T08:00:00+00:00,2459.9,2478.35,2446.95,2470.35,126399.0
2024-11-04T12:00:00+00:00,2470.55,2485.7,2431.7,2442.5,328896.0
2024-11-04T16:00:00+00:00,2442.5,2446.1,2405.65,2430.95,336725.0
2024-11-04T20:00:00+00:00,2431.0,2431.95,2356.65,2397.85,204469.0
2024-11-05T00:00:00+00:00,2396.35,2421.0,2380.0,2420.35,101798.0
2024-11-05T04:00:00+00:00,2420.15,2445.2,2417.25,2443.2,111366.0
2024-11-05T08:00:00+00:00,2443.25,2447.65,2429.7,2440.4,112099.0
2024-11-05T12:00:00+00:00,2440.85,2479.85,2426.7,2439.7,408187.0
2024-11-05T16:00:00+00:00,2440.75,2474.7,2401.05,2408.25,300056.0
2024-11-05T20:00:00+00:00,2407.2,2439.4,2401.0,2421.75,73793.0
2024-11-06T00:00:00+00:00,2422.2,2637.05,2420.0,2580.45,374510.0
2024-11-06T04:00:00+00:00,2581.55,2642.8,2561.9,2592.75,363450.0
2024-11-06T08:00:00+00:00,2596.1,2638.05,2573.0,2630.05,228167.0
2024-11-06T12:00:00+00:00,2629.05,2667.8,2608.9,2634.55,418295.0
2024-11-06T16:00:00+00:00,2634.3,2687.85,2633.8,2687.75,291858.0
2024-11-06T20:00:00+00:00,2687.75,2745.65,2669.45,2722.6,130913.0
2024-11-07T00:00:00+00:00,2722.45,2881.9,2700.55,2853.95,463690.0
2024-11-07T04:00:00+00:00,2854.95,2856.65,2781.65,2821.15,279439.0
2024-11-07T08:00:00+00:00,2818.0,2831.5,2790.6,2792.85,228869.0
2024-11-07T12:00:00+00:00,2793.1,2850.15,2777.15,2848.4,460149.0
2024-11-07T16:00:00+00:00,2848.35,2895.1,2824.8,2885.9,497605.0
2024-11-07T20:00:00+00:00,2885.45,2916.85,2865.0,2895.5,193680.0
2024-11-08T00:00:00+00:00,2896.1,2956.9,2887.15,2901.15,272471.0
2024-11-08T04:00:00+00:00,2902.55,2924.95,2892.9,2913.7,178086.0
2024-11-08T08:00:00+00:00,2913.8,2931.95,2894.2,2915.0,176289.0
2024-11-08T12:00:00+00:00,2915.5,2957.6,2903.8,2937.5,535750.0
2024-11-08T16:00:00+00:00,2937.6,2983.05,2890.45,2951.0,441511.0
2024-11-08T20:00:00+00:00,2950.25,2976.2,2915.6,2962.35,179790.0
2024-11-09T00:00:00+00:00,2962.2,2996.15,2955.25,2966.0,193084.0
2024-11-09T04:00:00+00:00,2965.85,3059.0,2954.9,3031.0,370631.0
2024-11-09T08:00:00+00:00,3031.0,3056.7,3021.8,3053.15,263253.0
2024-11-09T12:00:00+00:00,3051.8,3054.65,3028.75,3041.15,341710.0
2024-11-09T16:00:00+00:00,3041.4,3096.35,2991.1,3071.25,679713.0
2024-11-09T20:00:00+00:00,3071.1,3158.9,3067.35,3128.85,255734.0
2024-11-10T00:00:00+00:00,3127.4,3152.0,3104.85,3135.3,269257.0
2024-11-10T04:00:00+00:00,3135.55,3220.35,3130.9,3187.35,682878.0
2024-11-10T08:00:00+00:00,3189.2,3234.15,3169.9,3223.4,469846.0
2024-11-10T12:00:00+00:00,3227.15,3241.0,3171.35,3212.55,467858.0
2024-11-10T16:00:00+00:00,3212.55,3252.45,3152.0,3165.25,549344.0
2024-11-10T20:00:00+00:00,3165.35,3229.0,3074.4,3185.7,302817.0
2024-11-11T00:00:00+00:00,3186.85,3225.0,3173.95,3198.35,251495.0
2024-11-11T04:00:00+00:00,3197.9,3199.5,3107.35,3141.95,283184.0
2024-11-11T08:00:00+00:00,3142.35,3214.0,3133.35,3199.35,345546.0
2024-11-11T12:00:00+00:00,3199.7,3263.8,3140.95,3240.05,708447.0
2024-11-11T16:00:00+00:00,3240.65,3348.9,3236.35,3303.1,754231.0
2024-11-11T20:00:00+00:00,3301.2,3392.1,3281.5,3375.05,258209.0
2024-11-12T00:00:00+00:00,3373.65,3377.0,3251.15,3340.75,269231.0
2024-11-12T04:00:00+00:00,3339.0,3397.0,3320.5,3371.45,354892.0
2024-11-12T08:00:00+00:00,3372.1,3448.4,3215.0,3287.7,628462.0
2024-11-12T12:00:00+00:00,3285.3,3300.05,3211.5,3263.15,622701.0
2024-11-12T16:00:00+00:00,3261.3,3305.75,3212.1,3275.0,449770.0
2024-11-12T20:00:00+00:00,3275.35,3307.25,3240.95,3243.15,95144.0
2024-11-13T00:00:00+00:00,3246.15,3288.25,3205.95,3210.9,189596.0
2024-11-13T04:00:00+00:00,3210.65,3233.4,3120.3,3162.4,351228.0
2024-11-13T08:00:00+00:00,3163.05,3193.65,3144.25,3170.45,227610.0
2024-11-13T12:00:00+00:00,3169.35,3329.75,3154.2,3312.35,742679.0
2024-11-13T16:00:00+00:00,3312.05,3334.65,3156.2,3161.75,582310.0
2024-11-13T20:00:00+00:00,3160.25,3199.85,3120.15,3188.7,197015.0
2024-11-14T00:00:00+00:00,3188.9,3229.95,3165.2,3219.85,164984.0
2024-11-14T04:00:00+00:00,3219.6,3242.35,3175.9,3219.4,213166.0
2024-11-14T08:00:00+00:00,3219.7,3233.0,3156.6,3187.05,253729.0
2024-11-14T12:00:00+00:00,3186.0,3200.9,3060.8,3079.25,421975.0
2024-11-14T16:00:00+00:00,3079.2,3184.0,3072.65,3148.0,346496.0
2024-11-14T20:00:00+00:00,3144.35,3144.7,3032.35,3061.45,178805.0
2024-11-15T00:00:00+00:00,3059.5,3094.1,3036.45,3085.1,136325.0
2024-11-15T04:00:00+00:00,3084.6,3084.6,3016.4,3041.15,402419.0
2024-11-15T08:00:00+00:00,3041.55,3116.2,3023.2,3105.95,407610.0
2024-11-15T12:00:00+00:00,3106.35,3133.55,3016.65,3025.0,639899.0
2024-11-15T16:00:00+00:00,3025.1,3062.4,3016.85,3042.7,419084.0
2024-11-15T20:00:00+00:00,3042.0,3121.8,3041.0,3091.35,136438.0
2024-11-16T00:00:00+00:00,3092.05,3158.75,3073.6,3157.0,179945.0
2024-11-16T04:00:00+00:00,3155.85,3167.2,3103.45,3108.55,334878.0
2024-11-16T08:00:00+00:00,3108.6,3197.75,3105.0,3197.7,371775.0
2024-11-16T12:00:00+00:00,3197.45,3222.55,3123.0,3142.65,516759.0
2024-11-16T16:00:00+00:00,3142.8,3186.75,3130.4,3170.85,257887.0
2024-11-16T20:00:00+00:00,3170.5,3176.1,3123.4,3134.0,69837.0
2024-11-17T00:00:00+00:00,3134.7,3155.55,3036.0,3082.2,224437.0
2024-11-17T04:00:00+00:00,3082.05,3149.8,3077.35,3139.2,369550.0
2024-11-17T08:00:00+00:00,3139.2,3164.7,3103.55,3107.8,405568.0
2024-11-17T12:00:00+00:00,3108.1,3129.25,3069.25,3088.45,365969.0
2024-11-17T16:00:00+00:00,3088.25,3117.9,3073.25,3099.65,268692.0
2024-11-17T20:00:00+00:00,3100.1,3109.15,3044.6,3077.0,75912.0
2024-11-18T00:00:00+00:00,3078.05,3127.0,3072.35,3114.8,135359.0
2024-11-18T04:00:00+00:00,3114.6,3153.15,3098.2,3133.25,208205.0
2024-11-18T08:00:00+00:00,3133.55,3143.2,3052.4,3058.25,291182.0
2024-11-18T12:00:00+00:00,3058.55,3160.5,3053.5,3146.25,580321.0
2024-11-18T16:00:00+00:00,3146.1,3202.25,3092.55,3130.0,557724.0
2024-11-18T20:00:00+00:00,3130.25,3227.45,3124.55,3211.05,149604.0
2024-11-19T00:00:00+00:00,3216.85,3224.4,3144.45,3150.55,129851.0
2024-11-19T04:00:00+00:00,3151.15,3161.9,3110.4,3120.45,168212.0
2024-11-19T08:00:00+00:00,3120.45,3132.45,3093.7,3128.8,220076.0
2024-11-19T12:00:00+00:00,3129.55,3152.0,3077.3,3106.5,586940.0
2024-11-19T16:00:00+00:00,3106.8,3147.95,3101.95,3124.75,339332.0
2024-11-19T20:00:00+00:00,3125.0,3133.95,3066.65,3107.45,145635.0
2024-11-20T00:00:00+00:00,3108.1,3127.75,3074.0,3098.8,136149.0
2024-11-20T04:00:00+00:00,3098.0,3117.7,3089.9,3111.35,196481.0
2024-11-20T08:00:00+00:00,3110.0,3137.3,3085.7,3101.5,285159.0
2024-11-20T12:00:00+00:00,3102.35,3161.6,3083.25,3131.95,568998.0
2024-11-20T16:00:00+00:00,3131.95,3137.15,3030.65,3059.15,578418.0
2024-11-20T20:00:00+00:00,3058.15,3094.35,3046.3,3071.3,123911.0
2024-11-21T00:00:00+00:00,3071.05,3103.2,3033.5,3083.25,237803.0
2024-11-21T04:00:00+00:00,3082.8,3145.9,3082.5,3139.55,311727.0
2024-11-21T08:00:00+00:00,3139.1,3157.65,3120.25,3150.35,290713.0
2024-11-21T12:00:00+00:00,3149.9,3374.7,3148.5,3279.05,1713829.0
2024-11-21T16:00:00+00:00,3279.1,3389.95,3279.1,3349.95,806950.0
2024-11-21T20:00:00+00:00,3349.1,3382.0,3337.2,3359.1,114384.0
2024-11-22T00:00:00+00:00,3358.9,3384.6,3308.0,3368.65,234097.0
2024-11-22T04:00:00+00:00,3370.0,3429.75,3357.6,3365.65,466867.0
2024-11-22T08:00:00+00:00,3368.25,3387.1,3313.9,3346.8,374550.0
2024-11-22T12:00:00+00:00,3346.35,3359.55,3261.65,3316.35,697318.0
2024-11-22T16:00:00+00:00,3315.75,3324.25,3266.75,3284.5,340140.0
2024-11-22T20:00:00+00:00,3284.2,3332.4,3276.0,3329.7,103047.0
2024-11-23T00:00:00+00:00,3329.95,3367.45,3315.25,3348.85,217403.0
2024-11-23T04:00:00+00:00,3348.9,3365.0,3329.2,3343.1,188732.0
2024-11-23T08:00:00+00:00,3344.3,3407.95,3339.05,3357.3,463146.0
2024-11-23T12:00:00+00:00,3356.2,3498.9,3351.8,3463.1,1190536.0
2024-11-23T16:00:00+00:00,3463.1,3473.65,3381.0,3410.85,719966.0
2024-11-23T20:00:00+00:00,3409.95,3430.0,3381.55,3396.15,138078.0
2024-11-24T00:00:00+00:00,3395.0,3452.25,3393.2,3430.0,177661.0
2024-11-24T04:00:00+00:00,3430.1,3435.2,3400.1,3424.95,283308.0
2024-11-24T08:00:00+00:00,3425.0,3431.7,3341.95,3347.0,536387.0
2024-11-24T12:00:00+00:00,3346.7,3360.25,3284.7,3297.15,731473.0
2024-11-24T16:00:00+00:00,3297.2,3337.15,3290.2,3329.1,365624.0
2024-11-24T20:00:00+00:00,3328.0,3373.8,3324.65,3363.45,123570.0
2024-11-25T00:00:00+00:00,3360.1,3373.2,3302.0,3365.0,209487.0
2024-11-25T04:00:00+00:00,3364.6,3422.35,3363.45,3400.95,277039.0
2024-11-25T08:00:00+00:00,3401.8,3531.05,3399.2,3475.2,769180.0
2024-11-25T12:00:00+00:00,3475.25,3541.65,3351.0,3521.05,1145779.0
2024-11-25T16:00:00+00:00,3521.2,3549.7,3427.65,3467.0,861651.0
2024-11-25T20:00:00+00:00,3467.75,3507.95,3366.65,3416.5,209795.0
2024-11-26T00:00:00+00:00,3416.95,3464.0,3398.0,3436.8,174134.0
2024-11-26T04:00:00+00:00,3436.45,3445.45,3384.15,3396.95,280338.0
2024-11-26T08:00:00+00:00,3396.95,3398.6,3282.0,3326.0,871105.0
2024-11-26T12:00:00+00:00,3325.15,3364.8,3292.0,3297.8,569460.0
2024-11-26T16:00:00+00:00,3298.1,3339.8,3254.65,3303.6,568354.0
2024-11-26T20:00:00+00:00,3302.15,3347.05,3291.4,3327.15,147883.0
2024-11-27T00:00:00+00:00,3327.15,3374.35,3304.85,3364.4,173718.0
2024-11-27T04:00:00+00:00,3362.65,3448.0,3361.3,3426.65,351448.0
2024-11-27T08:00:00+00:00,3426.6,3488.3,3404.9,3462.65,371576.0
2024-11-27T12:00:00+00:00,3464.1,3575.05,3443.65,3554.75,805715.0
2024-11-27T16:00:00+00:00,3555.05,3615.0,3536.85,3591.25,590446.0
2024-11-27T20:00:00+00:00,3591.5,3688.25,3590.4,3656.15,234865.0
2024-11-28T00:00:00+00:00,3657.0,3663.85,3566.65,3600.8,311647.0
2024-11-28T04:00:00+00:00,3601.2,3620.5,3569.25,3594.45,459328.0
2024-11-28T08:00:00+00:00,3594.65,3640.35,3577.0,3622.75,463671.0
2024-11-28T12:00:00+00:00,3622.0,3644.05,3539.0,3543.45,641743.0
2024-11-28T16:00:00+00:00,3543.45,3587.1,3531.45,3577.15,441407.0
2024-11-28T20:00:00+00:00,3577.4,3601.5,3551.95,3581.2,125887.0
2024-11-29T00:00:00+00:00,3580.6,3604.9,3552.3,3585.85,131826.0
2024-11-29T04:00:00+00:00,3585.4,3598.5,3537.05,3547.6,347009.0
2024-11-29T08:00:00+00:00,3547.55,3602.1,3547.55,3596.6,330552.0
2024-11-29T12:00:00+00:00,3596.5,3648.0,3576.0,3615.7,695369.0
2024-11-29T16:00:00+00:00,3615.65,3622.0,3561.5,3584.7,395384.0
2024-11-29T20:00:00+00:00,3584.75,3606.4,3577.4,3594.35,115847.0
2024-11-30T00:00:00+00:00,3594.6,3663.75,3570.25,3660.0,301850.0
2024-11-30T04:00:00+00:00,3661.55,3729.7,3637.3,3705.65,716741.0
2024-11-30T08:00:00+00:00,3706.2,3720.75,3633.1,3656.05,609002.0
2024-11-30T12:00:00+00:00,3656.6,3688.05,3654.0,3677.75,527048.0
2024-11-30T16:00:00+00:00,3677.75,3699.85,3659.95,3692.3,392815.0
2024-11-30T20:00:00+00:00,3691.5,3742.2,3689.05,3705.55,199822.0
2024-12-01T00:00:00+00:00,3706.3,3733.3,3661.4,3708.95,405908.0
2024-12-01T04:00:00+00:00,3708.95,3719.85,3684.05,3705.0,326603.0
2024-12-01T08:00:00+00:00,3705.0,3719.95,3677.5,3694.15,379280.0
2024-12-01T12:00:00+00:00,3694.1,3750.25,3680.5,3729.7,513252.0
2024-12-01T16:00:00+00:00,3729.65,3747.2,3696.3,3711.1,432150.0
2024-12-01T20:00:00+00:00,3711.3,3738.7,3681.8,3712.15,156810.0
2024-12-02T00:00:00+00:00,3715.0,3766.05,3677.0,3688.0,377467.0
2024-12-02T04:00:00+00:00,3687.85,3711.75,3652.3,3669.2,400048.0
2024-12-02T08:00:00+00:00,3668.0,3675.7,3572.35,3592.7,531732.0
2024-12-02T12:00:00+00:00,3591.85,3682.8,3586.4,3673.6,749031.0
2024-12-02T16:00:00+00:00,3674.5,3684.65,3558.6,3614.85,748328.0
2024-12-02T20:00:00+00:00,3614.75,3647.4,3600.8,3646.25,137694.0
2024-12-03T00:00:00+00:00,3646.3,3661.55,3611.2,3641.9,182724.0
2024-12-03T04:00:00+00:00,3641.9,3673.85,3603.0,3619.55,373797.0
2024-12-03T08:00:00+00:00,3619.5,3638.25,3588.25,3616.15,396481.0
2024-12-03T12:00:00+00:00,3616.15,3620.65,3504.3,3574.25,794665.0
2024-12-03T16:00:00+00:00,3574.2,3596.95,3540.6,3578.2,503472.0
2024-12-03T20:00:00+00:00,3580.9,3636.5,3577.65,3616.8,177992.0
2024-12-04T00:00:00+00:00,3617.55,3711.8,3617.55,3664.2,357817.0
2024-12-04T04:00:00+00:00,3665.3,3724.75,3663.35,3717.75,357817.0
2024-12-04T08:00:00+00:00,3717.85,3754.05,3699.15,3731.85,439867.0
2024-12-04T12:00:00+00:00,3730.5,3857.75,3692.15,3824.35,1154771.0
2024-12-04T16:00:00+00:00,3824.7,3846.5,3736.15,3843.0,1140647.0
2024-12-04T20:00:00+00:00,3843.35,3890.7,3825.8,3840.25,385613.0
2024-12-05T00:00:00+00:00,3840.75,3911.2,3769.75,3836.6,535020.0
2024-12-05T04:00:00+00:00,3836.65,3884.5,3822.8,3852.45,360400.0
2024-12-05T08:00:00+00:00,3854.45,3947.4,3854.35,3934.3,719193.0
2024-12-05T12:00:00+00:00,3934.3,3959.3,3862.4,3890.45,857327.0
2024-12-05T16:00:00+00:00,3890.8,3929.5,3823.2,3837.3,628241.0
2024-12-05T20:00:00+00:00,3833.05,3864.1,3679.75,3786.55,316276.0
2024-12-06T00:00:00+00:00,3786.55,3917.35,3780.25,3910.0,301956.0
2024-12-06T04:00:00+00:00,3909.85,3932.7,3877.2,3896.8,329108.0
2024-12-06T08:00:00+00:00,3896.8,3913.35,3848.0,3870.0,419340.0
2024-12-06T12:00:00+00:00,3869.75,4043.1,3835.35,3996.25,1079357.0
2024-12-06T16:00:00+00:00,3996.25,4078.2,3983.8,4071.4,745564.0
2024-12-06T20:00:00+00:00,4070.85,4092.4,3993.45,4001.75,310601.0
2024-12-07T00:00:00+00:00,4001.75,4026.9,3972.6,3990.2,232242.0
2024-12-07T04:00:00+00:00,3990.2,4006.2,3970.65,3988.9,297661.0
2024-12-07T08:00:00+00:00,3989.25,4012.5,3976.25,4000.95,348264.0
2024-12-07T12:00:00+00:00,4001.3,4011.4,3979.05,4007.85,435167.0
2024-12-07T16:00:00+00:00,4007.65,4023.8,3989.3,4015.1,333736.0
2024-12-07T20:00:00+00:00,4015.45,4027.25,3995.15,3999.05,57548.0
2024-12-08T00:00:00+00:00,3999.0,4012.15,3987.9,3992.4,83728.0
2024-12-08T04:00:00+00:00,3992.4,3998.9,3961.4,3983.6,350892.0
2024-12-08T08:00:00+00:00,3983.2,3983.9,3926.75,3974.25,478650.0
2024-12-08T12:00:00+00:00,3974.35,4006.8,3958.85,3993.8,448781.0
2024-12-08T16:00:00+00:00,3994.75,4003.0,3966.8,3992.7,253987.0
2024-12-08T20:00:00+00:00,3993.15,4019.05,3978.25,4006.95,58861.0
2024-12-09T00:00:00+00:00,4005.55,4006.95,3908.15,3932.6,248161.0
2024-12-09T04:00:00+00:00,3932.3,3951.1,3883.4,3920.05,382941.0
2024-12-09T08:00:00+00:00,3920.6,3923.0,3845.0,3853.85,525526.0
2024-12-09T12:00:00+00:00,3852.7,3947.6,3806.0,3826.0,980048.0
2024-12-09T16:00:00+00:00,3826.5,3869.35,3786.8,3796.85,542234.0
2024-12-09T20:00:00+00:00,3797.35,3806.15,3498.95,3716.65,513355.0
2024-12-10T00:00:00+00:00,3712.55,3780.55,3616.4,3681.65,373484.0
2024-12-10T04:00:00+00:00,3682.7,3744.0,3638.8,3734.5,415432.0
2024-12-10T08:00:00+00:00,3734.05,3773.95,3713.5,3750.45,356061.0
2024-12-10T12:00:00+00:00,3750.55,3754.5,3555.2,3566.75,1039107.0
2024-12-10T16:00:00+00:00,3569.45,3635.0,3515.3,3629.95,882254.0
2024-12-10T20:00:00+00:00,3629.0,3672.75,3614.2,3628.75,172384.0
2024-12-11T00:00:00+00:00,3628.4,3669.5,3563.0,3665.0,248470.0
2024-12-11T04:00:00+00:00,3665.7,3681.65,3646.95,3652.0,340197.0
2024-12-11T08:00:00+00:00,3652.15,3727.35,3651.2,3716.1,395876.0
2024-12-11T12:00:00+00:00,3716.05,3820.0,3707.2,3786.55,903593.0
2024-12-11T16:00:00+00:00,3789.4,3813.1,3753.5,3802.3,576875.0
2024-12-11T20:00:00+00:00,3801.7,3846.95,3801.7,3829.75,119707.0
2024-12-12T00:00:00+00:00,3830.45,3947.15,3795.4,3933.8,462407.0
2024-12-12T04:00:00+00:00,3934.0,3944.25,3893.05,3902.95,308978.0
2024-12-12T08:00:00+00:00,3904.7,3937.1,3890.4,3912.75,480631.0
2024-12-12T12:00:00+00:00,3913.35,3986.6,3913.35,3957.3,1694063.0
2024-12-12T16:00:00+00:00,3956.9,3984.8,3853.3,3871.4,700432.0
2024-12-12T20:00:00+00:00,3869.5,3900.6,3835.0,3880.55,228377.0
2024-12-13T00:00:00+00:00,3880.6,3939.95,3851.95,3932.0,296555.0
2024-12-13T04:00:00+00:00,3931.35,3935.0,3870.0,3884.55,336346.0
2024-12-13T08:00:00+00:00,3884.6,3922.85,3871.0,3900.3,359741.0
2024-12-13T12:00:00+00:00,3900.4,3967.8,3877.6,3884.45,742620.0
2024-12-13T16:00:00+00:00,3884.7,3946.1,3879.5,3916.25,597575.0
2024-12-13T20:00:00+00:00,3917.9,3934.25,3890.0,3904.7,96721.0
2024-12-14T00:00:00+00:00,3907.2,3944.55,3894.85,3910.1,149216.0
2024-12-14T04:00:00+00:00,3909.55,3935.0,3905.0,3919.9,202157.0
2024-12-14T08:00:00+00:00,3920.5,3930.75,3885.2,3893.6,292443.0
2024-12-14T12:00:00+00:00,3893.25,3897.55,3845.15,3887.35,591963.0
2024-12-14T16:00:00+00:00,3887.15,3896.6,3826.8,3858.8,607113.0
2024-12-14T20:00:00+00:00,3857.7,3874.9,3823.9,3868.75,135186.0
2024-12-15T00:00:00+00:00,3868.0,3893.75,3855.0,3872.65,137939.0
2024-12-15T04:00:00+00:00,3873.05,3911.1,3829.35,3843.3,379448.0
2024-12-15T08:00:00+00:00,3843.5,3877.15,3835.35,3876.1,294780.0
2024-12-15T12:00:00+00:00,3876.0,3909.4,3867.05,3893.45,482363.0
2024-12-15T16:00:00+00:00,3893.45,3918.45,3885.0,3902.55,328983.0
2024-12-15T20:00:00+00:00,3902.05,3973.2,3842.75,3958.45,248822.0
2024-12-16T00:00:00+00:00,3958.5,4024.9,3927.35,3941.55,379531.0
2024-12-16T04:00:00+00:00,3941.55,3982.8,3935.6,3973.2,335821.0
2024-12-16T08:00:00+00:00,3973.2,3975.25,3900.85,3908.4,485987.0
2024-12-16T12:00:00+00:00,3909.15,3958.85,3882.45,3941.05,752768.0
2024-12-16T16:00:00+00:00,3940.65,4108.9,3938.05,4057.3,1200843.0
2024-12-16T20:00:00+00:00,4057.35,4070.95,3978.5,3984.8,188849.0
2024-12-17T00:00:00+00:00,3984.8,4039.9,3942.1,4033.65,264715.0
2024-12-17T04:00:00+00:00,4032.5,4032.5,3981.25,3993.05,277977.0
2024-12-17T08:00:00+00:00,3993.0,4030.6,3988.55,3996.05,394479.0
2024-12-17T12:00:00+00:00,3995.55,4024.5,3913.95,3938.1,1107046.0
2024-12-17T16:00:00+00:00,3937.05,3983.35,3915.5,3943.4,644331.0
2024-12-17T20:00:00+00:00,3944.45,3950.55,3845.35,3891.0,223731.0
2024-12-18T00:00:00+00:00,3890.85,3901.15,3832.25,3849.0,325126.0
2024-12-18T04:00:00+00:00,3848.0,3860.6,3802.5,3845.5,464656.0
2024-12-18T08:00:00+00:00,3845.5,3886.0,3840.35,3880.95,405936.0
2024-12-18T12:00:00+00:00,3880.8,3889.7,3823.3,3867.4,971082.0
2024-12-18T16:00:00+00:00,3866.6,3907.0,3767.95,3767.95,846331.0
2024-12-18T20:00:00+00:00,3767.95,3784.35,3616.0,3625.25,447309.0
2024-12-19T00:00:00+00:00,3625.4,3671.75,3541.05,3667.75,469588.0
2024-12-19T04:00:00+00:00,3666.6,3695.0,3651.4,3692.2,247113.0
2024-12-19T08:00:00+00:00,3691.55,3718.35,3662.75,3703.6,467975.0
2024-12-19T12:00:00+00:00,3703.0,3708.4,3571.85,3612.45,1068707.0
2024-12-19T16:00:00+00:00,3612.5,3635.45,3374.15,3438.95,1143059.0
2024-12-19T20:00:00+00:00,3439.3,3464.1,3324.0,3416.15,324321.0
2024-12-20T00:00:00+00:00,3416.7,3464.75,3369.85,3413.5,270638.0
2024-12-20T04:00:00+00:00,3413.9,3430.45,3327.75,3390.3,516394.0
2024-12-20T08:00:00+00:00,3389.65,3389.95,3101.55,3103.65,1347309.0
2024-12-20T12:00:00+00:00,3104.15,3395.1,3100.4,3373.35,1628685.0
2024-12-20T16:00:00+00:00,3373.3,3496.2,3365.3,3477.35,944678.0
2024-12-20T20:00:00+00:00,3478.8,3487.05,3392.2,3470.0,207393.0
2024-12-21T00:00:00+00:00,3468.05,3488.55,3445.65,3466.8,206578.0
2024-12-21T04:00:00+00:00,3466.15,3553.65,3459.7,3521.65,423482.0
2024-12-21T08:00:00+00:00,3521.7,3525.8,3422.1,3440.5,1003976.0
2024-12-21T12:00:00+00:00,3440.95,3442.3,3345.0,3389.25,1211300.0
2024-12-21T16:00:00+00:00,3390.0,3400.8,3326.0,3359.2,984294.0
2024-12-21T20:00:00+00:00,3359.2,3387.6,3291.45,3337.2,384709.0
2024-12-22T00:00:00+00:00,3337.65,3373.35,3317.6,3354.8,323793.0
2024-12-22T04:00:00+00:00,3355.0,3360.25,3294.0,3330.95,644101.0
2024-12-22T08:00:00+00:00,3331.7,3401.45,3331.7,3379.8,696926.0
2024-12-22T12:00:00+00:00,3379.6,3396.6,3273.1,3300.9,1195840.0
2024-12-22T16:00:00+00:00,3300.9,3337.75,3236.5,3246.1,873596.0
2024-12-22T20:00:00+00:00,3246.1,3309.0,3219.55,3280.8,363719.0
2024-12-23T00:00:00+00:00,3282.4,3355.75,3215.25,3349.35,479734.0
2024-12-23T04:00:00+00:00,3350.0,3362.0,3258.5,3303.35,794088.0
2024-12-23T08:00:00+00:00,3303.3,3354.05,3292.0,3337.9,905841.0
2024-12-23T12:00:00+00:00,3338.7,3360.35,3267.95,3276.3,1427603.0
2024-12-23T16:00:00+00:00,3276.05,3383.55,3270.05,3337.25,1614903.0
2024-12-23T20:00:00+00:00,3337.95,3465.45,3328.2,3421.0,610513.0
2024-12-24T00:00:00+00:00,3420.0,3425.3,3356.3,3395.7,506383.0
2024-12-24T04:00:00+00:00,3395.7,3433.8,3384.0,3400.0,644560.0
2024-12-24T08:00:00+00:00,3400.0,3415.5,3384.1,3412.9,627673.0
2024-12-24T12:00:00+00:00,3412.05,3508.75,3393.65,3491.2,1752213.0
2024-12-24T16:00:00+00:00,3491.6,3538.45,3463.45,3464.05,1384903.0
2024-12-24T20:00:00+00:00,3464.25,3503.35,3430.4,3491.9,339039.0
2024-12-25T00:00:00+00:00,3489.4,3494.5,3456.25,3476.85,340695.0
2024-12-25T04:00:00+00:00,3477.0,3508.45,3467.75,3487.65,624779.0
2024-12-25T08:00:00+00:00,3487.5,3546.6,3463.0,3469.25,946827.0
2024-12-25T12:00:00+00:00,3469.85,3499.7,3455.9,3471.35,1016197.0
2024-12-25T16:00:00+00:00,3471.55,3487.6,3439.1,3479.95,791508.0
2024-12-25T20:00:00+00:00,3480.35,3499.0,3448.55,3495.1,260020.0
2024-12-26T00:00:00+00:00,3496.45,3514.2,3448.85,3454.1,343368.0
2024-12-26T04:00:00+00:00,3454.0,3454.0,3415.2,3420.5,461407.0
2024-12-26T08:00:00+00:00,3420.8,3424.4,3345.2,3371.5,793956.0
2024-12-26T12:00:00+00:00,3370.2,3372.5,3326.35,3342.35,1403336.0
2024-12-26T16:00:00+00:00,3342.3,3363.95,3312.25,3338.55,949044.0
2024-12-26T20:00:00+00:00,3337.7,3349.05,3302.95,3333.2,188482.0
2024-12-27T00:00:00+00:00,3333.15,3387.75,3315.4,3377.85,397957.0
2024-12-27T04:00:00+00:00,3377.45,3397.95,3315.2,3323.95,637270.0
2024-12-27T08:00:00+00:00,3324.05,3443.75,3324.05,3417.5,900134.0
2024-12-27T12:00:00+00:00,3417.45,3422.25,3306.05,3325.0,1342647.0
2024-12-27T16:00:00+00:00,3325.0,3365.8,3307.0,3353.8,1046656.0
2024-12-27T20:00:00+00:00,3353.75,3353.75,3308.45,3332.1,234916.0
2024-12-28T00:00:00+00:00,3332.1,3352.0,3320.95,3344.1,245214.0
2024-12-28T04:00:00+00:00,3344.1,3359.65,3331.5,3334.2,482098.0
2024-12-28T08:00:00+00:00,3334.15,3362.45,3331.7,3358.7,528668.0
2024-12-28T12:00:00+00:00,3357.9,3394.7,3349.4,3366.8,1108302.0
2024-12-28T16:00:00+00:00,3366.7,3412.0,3364.3,3399.15,734672.0
2024-12-28T20:00:00+00:00,3399.25,3427.0,3388.35,3402.25,212056.0
2024-12-29T00:00:00+00:00,3402.5,3404.95,3374.35,3380.95,247341.0
2024-12-29T04:00:00+00:00,3381.65,3406.4,3378.3,3405.6,422565.0
2024-12-29T08:00:00+00:00,3405.65,3413.1,3388.5,3396.85,449742.0
2024-12-29T12:00:00+00:00,3397.15,3409.95,3352.85,3372.05,1004132.0
2024-12-29T16:00:00+00:00,3372.05,3375.15,3344.35,3361.3,628237.0
2024-12-29T20:00:00+00:00,3360.7,3367.25,3324.65,3355.05,253347.0
2024-12-30T00:00:00+00:00,3355.45,3436.8,3348.0,3403.0,468103.0
2024-12-30T04:00:00+00:00,3402.85,3432.1,3387.35,3426.35,482105.0
2024-12-30T08:00:00+00:00,3426.4,3433.9,3393.85,3423.45,397653.0
2024-12-30T12:00:00+00:00,3423.45,3430.0,3303.75,3323.6,1676869.0
2024-12-30T16:00:00+00:00,3323.55,3408.25,3316.55,3401.0,1117311.0
2024-12-30T20:00:00+00:00,3400.7,3419.35,3308.0,3359.95,402385.0
2024-12-31T00:00:00+00:00,3359.6,3363.3,3314.0,3339.1,264711.0
2024-12-31T04:00:00+00:00,3339.1,3362.4,3327.0,3352.55,291386.0
2024-12-31T08:00:00+00:00,3352.6,3409.0,3351.55,3393.8,529562.0
2024-12-31T12:00:00+00:00,3394.2,3451.5,3392.1,3412.45,1406570.0
2024-12-31T16:00:00+00:00,3412.55,3416.05,3329.15,3354.5,927631.0
2024-12-31T20:00:00+00:00,3353.75,3364.0,3327.3,3336.4,197018.0
2025-01-01T00:00:00+00:00,3336.55,3368.05,3335.7,3354.3,191921.0
2025-01-01T04:00:00+00:00,3354.3,3355.85,3335.45,3345.15,179663.0
2025-01-01T08:00:00+00:00,3346.55,3348.0,3313.0,3340.05,485306.0
2025-01-01T12:00:00+00:00,3340.7,3359.05,3327.0,3352.35,844761.0
2025-01-01T16:00:00+00:00,3352.15,3364.15,3321.9,3356.05,595565.0
2025-01-01T20:00:00+00:00,3356.5,3374.0,3351.15,3359.05,155954.0
2025-01-02T00:00:00+00:00,3359.4,3404.7,3353.6,3388.05,318775.0
2025-01-02T04:00:00+00:00,3388.0,3427.3,3387.6,3419.55,400049.0
2025-01-02T08:00:00+00:00,3419.65,3476.35,3414.15,3470.6,764504.0
2025-01-02T12:00:00+00:00,3470.6,3510.25,3439.55,3462.85,1313482.0
2025-01-02T16:00:00+00:00,3463.2,3488.9,3428.4,3461.5,954713.0
2025-01-02T20:00:00+00:00,3463.25,3474.9,3421.2,3454.85,185606.0
2025-01-03T00:00:00+00:00,3454.85,3476.35,3442.1,3469.3,191769.0
2025-01-03T04:00:00+00:00,3469.3,3470.25,3431.2,3432.6,292871.0
2025-01-03T08:00:00+00:00,3432.6,3466.6,3422.05,3464.7,505345.0
2025-01-03T12:00:00+00:00,3464.0,3575.55,3460.0,3564.45,1617295.0
2025-01-03T16:00:00+00:00,3564.3,3629.7,3564.05,3622.7,1287867.0
2025-01-03T20:00:00+00:00,3621.25,3623.2,3594.65,3607.8,233123.0
2025-01-04T00:00:00+00:00,3607.85,3619.8,3581.75,3597.2,276736.0
2025-01-04T04:00:00+00:00,3596.0,3609.2,3583.1,3593.0,484077.0
2025-01-04T08:00:00+00:00,3593.05,3606.7,3570.95,3601.2,736233.0
2025-01-04T12:00:00+00:00,3601.05,3662.75,3591.15,3609.0,1936312.0
2025-01-04T16:00:00+00:00,3607.0,3643.9,3600.3,3629.7,1067296.0
2025-01-04T20:00:00+00:00,3630.2,3670.0,3630.2,3655.4,441339.0
2025-01-05T00:00:00+00:00,3657.85,3674.5,3628.0,3636.65,323162.0
2025-01-05T04:00:00+00:00,3636.65,3648.25,3627.0,3630.35,361166.0
2025-01-05T08:00:00+00:00,3630.4,3632.1,3602.25,3611.95,686549.0
2025-01-05T12:00:00+00:00,3612.6,3637.8,3592.1,3628.6,1042121.0
2025-01-05T16:00:00+00:00,3628.4,3647.4,3611.3,3636.8,707297.0
2025-01-05T20:00:00+00:00,3636.95,3656.25,3627.3,3634.7,252003.0
2025-01-06T00:00:00+00:00,3635.0,3684.2,3609.05,3663.35,560014.0
2025-01-06T04:00:00+00:00,3663.95,3698.0,3641.35,3649.35,596311.0
2025-01-06T08:00:00+00:00,3649.4,3659.35,3631.3,3653.55,508405.0
2025-01-06T12:00:00+00:00,3653.75,3713.0,3620.8,3713.0,1654868.0
2025-01-06T16:00:00+00:00,3713.0,3744.15,3654.0,3686.5,1328804.0
2025-01-06T20:00:00+00:00,3686.45,3702.7,3665.55,3686.3,231332.0
2025-01-07T00:00:00+00:00,3685.0,3700.0,3662.0,3681.5,252485.0
2025-01-07T04:00:00+00:00,3681.45,3685.55,3657.55,3666.65,274530.0
2025-01-07T08:00:00+00:00,3666.65,3678.5,3624.9,3638.25,619029.0
2025-01-07T12:00:00+00:00,3639.05,3644.95,3410.0,3461.2,2194055.0
2025-01-07T16:00:00+00:00,3461.2,3490.6,3370.1,3384.9,1926464.0
2025-01-07T20:00:00+00:00,3384.35,3413.15,3355.0,3379.5,747020.0
2025-01-08T00:00:00+00:00,3378.0,3413.45,3341.8,3359.3,623530.0
2025-01-08T04:00:00+00:00,3359.4,3372.7,3306.1,3353.2,951353.0
2025-01-08T08:00:00+00:00,3353.15,3376.0,3321.85,3348.45,1040539.0
2025-01-08T12:00:00+00:00,3348.5,3384.95,3331.25,3345.9,1661996.0
2025-01-08T16:00:00+00:00,3346.05,3347.05,3206.6,3279.5,2720422.0
2025-01-08T20:00:00+00:00,3279.45,3333.15,3265.05,3325.9,405052.0
2025-01-09T00:00:00+00:00,3325.35,3355.75,3305.95,3324.15,406389.0
2025-01-09T04:00:00+00:00,3323.6,3342.4,3280.75,3288.45,543689.0
2025-01-09T08:00:00+00:00,3288.25,3326.8,3265.0,3300.45,1202351.0
2025-01-09T12:00:00+00:00,3300.3,3335.7,3209.0,3318.85,2453544.0
2025-01-09T16:00:00+00:00,3318.75,3326.55,3189.9,3193.95,1883432.0
2025-01-09T20:00:00+00:00,3193.65,3238.3,3156.0,3218.15,544596.0
2025-01-10T00:00:00+00:00,3217.85,3259.0,3212.6,3253.0,442817.0
2025-01-10T04:00:00+00:00,3253.05,3312.5,3241.25,3294.65,811841.0
2025-01-10T08:00:00+00:00,3294.7,3320.0,3286.35,3309.75,798302.0
2025-01-10T12:00:00+00:00,3309.95,3316.0,3193.85,3243.65,2629632.0
2025-01-10T16:00:00+00:00,3243.4,3320.6,3230.8,3293.8,1489962.0
2025-01-10T20:00:00+00:00,3293.45,3293.45,3255.8,3266.5,247103.0
2025-01-11T00:00:00+00:00,3265.55,3268.7,3230.05,3235.85,272513.0
2025-01-11T04:00:00+00:00,3236.0,3249.5,3224.0,3234.8,499634.0
2025-01-11T08:00:00+00:00,3234.7,3279.65,3217.6,3272.65,867706.0
2025-01-11T12:00:00+00:00,3272.65,3281.65,3256.85,3270.15,767109.0
2025-01-11T16:00:00+00:00,3270.15,3282.7,3257.55,3277.5,650843.0
2025-01-11T20:00:00+00:00,3277.45,3319.35,3274.35,3281.6,395421.0
2025-01-12T00:00:00+00:00,3281.8,3290.85,3273.0,3285.3,284713.0
2025-01-12T04:00:00+00:00,3285.25,3288.7,3262.0,3265.35,388601.0
2025-01-12T08:00:00+00:00,3265.7,3270.65,3222.7,3251.5,945294.0
2025-01-12T12:00:00+00:00,3251.75,3294.65,3246.5,3284.0,933221.0
2025-01-12T16:00:00+00:00,3284.45,3299.25,3267.65,3278.55,827335.0
2025-01-12T20:00:00+00:00,3279.1,3288.7,3232.85,3264.85,365768.0
2025-01-13T00:00:00+00:00,3265.65,3338.5,3234.0,3242.85,748659.0
2025-01-13T04:00:00+00:00,3241.1,3259.75,3179.35,3200.5,854158.0
2025-01-13T08:00:00+00:00,3200.55,3205.0,3055.0,3056.8,2104895.0
2025-01-13T12:00:00+00:00,3056.5,3090.3,2911.9,3047.55,2931204.0
2025-01-13T16:00:00+00:00,3048.5,3058.85,2985.0,3023.25,2039365.0
2025-01-13T20:00:00+00:00,3023.4,3141.6,3010.3,3136.25,622024.0
2025-01-14T00:00:00+00:00,3136.15,3174.2,3124.15,3157.55,485701.0
2025-01-14T04:00:00+00:00,3157.65,3189.0,3156.15,3170.35,490092.0
2025-01-14T08:00:00+00:00,3170.4,3255.3,3168.2,3216.3,1358329.0
2025-01-14T12:00:00+00:00,3216.05,3232.4,3177.6,3197.85,1807965.0
2025-01-14T16:00:00+00:00,3197.85,3231.55,3171.0,3220.85,963949.0
2025-01-14T20:00:00+00:00,3224.7,3239.25,3210.65,3222.6,147481.0
2025-01-15T00:00:00+00:00,3224.9,3244.4,3204.2,3239.85,410229.0
2025-01-15T04:00:00+00:00,3240.05,3251.15,3213.75,3231.35,638547.0
2025-01-15T08:00:00+00:00,3231.35,3247.6,3185.25,3199.05,868771.0
2025-01-15T12:00:00+00:00,3198.4,3352.55,3185.25,3332.85,2272232.0
2025-01-15T16:00:00+00:00,3333.7,3442.0,3322.9,3433.75,1731648.0
2025-01-15T20:00:00+00:00,3434.25,3472.45,3417.55,3449.1,798127.0
2025-01-16T00:00:00+00:00,3449.85,3458.6,3345.65,3362.15,682519.0
2025-01-16T04:00:00+00:00,3361.7,3389.75,3360.55,3382.5,445961.0
2025-01-16T08:00:00+00:00,3382.45,3384.0,3297.95,3349.55,1565523.0
2025-01-16T12:00:00+00:00,3349.0,3363.7,3264.0,3331.95,1980608.0
2025-01-16T16:00:00+00:00,3331.95,3364.75,3309.0,3343.4,1631355.0
2025-01-16T20:00:00+00:00,3343.25,3352.5,3266.8,3306.9,447836.0
2025-01-17T00:00:00+00:00,3306.9,3396.5,3306.5,3360.0,704246.0
2025-01-17T04:00:00+00:00,3359.95,3388.45,3346.4,3371.55,590275.0
2025-01-17T08:00:00+00:00,3371.35,3438.0,3371.0,3422.35,1006197.0
2025-01-17T12:00:00+00:00,3422.15,3449.7,3393.75,3420.4,1782769.0
2025-01-17T16:00:00+00:00,3420.95,3447.8,3405.8,3430.7,1226294.0
2025-01-17T20:00:00+00:00,3430.0,3524.75,3424.0,3472.0,734121.0
2025-01-18T00:00:00+00:00,3474.8,3493.0,3367.0,3382.95,769702.0
2025-01-18T04:00:00+00:00,3382.75,3394.65,3280.0,3286.0,1697758.0
2025-01-18T08:00:00+00:00,3286.4,3323.7,3225.9,3310.25,2075785.0
2025-01-18T12:00:00+00:00,3310.55,3346.35,3272.7,3305.85,2015639.0
2025-01-18T16:00:00+00:00,3305.95,3315.8,3248.35,3289.45,1626452.0
2025-01-18T20:00:00+00:00,3289.05,3320.4,3256.6,3307.45,309811.0
2025-01-19T00:00:00+00:00,3306.8,3377.75,3297.6,3334.75,716293.0
2025-01-19T04:00:00+00:00,3335.0,3337.35,3258.2,3275.0,1322767.0
2025-01-19T08:00:00+00:00,3275.1,3277.2,3129.7,3149.65,2806074.0
2025-01-19T12:00:00+00:00,3150.1,3426.05,3144.15,3384.5,3562509.0
2025-01-19T16:00:00+00:00,3383.7,3449.7,3377.55,3419.8,1852548.0
2025-01-19T20:00:00+00:00,3419.8,3433.1,3154.7,3213.0,1722471.0
2025-01-20T00:00:00+00:00,3214.15,3280.25,3141.6,3271.45,1058400.0
2025-01-20T04:00:00+00:00,3270.75,3455.05,3249.6,3383.2,1884024.0
2025-01-20T08:00:00+00:00,3383.65,3412.6,3333.95,3375.3,1864759.0
2025-01-20T12:00:00+00:00,3375.7,3379.85,3255.95,3334.6,2358535.0
2025-01-20T16:00:00+00:00,3336.0,3390.85,3203.0,3342.6,3224072.0
2025-01-20T20:00:00+00:00,3342.9,3342.9,3255.3,3282.6,383824.0
2025-01-21T00:00:00+00:00,3280.8,3289.5,3203.55,3262.05,684592.0
2025-01-21T04:00:00+00:00,3262.25,3266.05,3212.5,3254.05,866670.0
2025-01-21T08:00:00+00:00,3254.0,3313.2,3233.4,3305.3,1148359.0
2025-01-21T12:00:00+00:00,3304.4,3333.8,3264.1,3294.15,1988609.0
2025-01-21T16:00:00+00:00,3294.0,3368.1,3289.35,3331.05,1925427.0
2025-01-21T20:00:00+00:00,3331.7,3346.45,3301.85,3326.7,417498.0
2025-01-22T00:00:00+00:00,3325.7,3366.0,3321.75,3330.3,411683.0
2025-01-22T04:00:00+00:00,3330.45,3339.55,3286.05,3287.15,626844.0
2025-01-22T08:00:00+00:00,3286.95,3329.0,3272.5,3325.5,1011597.0
2025-01-22T12:00:00+00:00,3326.0,3331.65,3267.0,3277.45,1995864.0
2025-01-22T16:00:00+00:00,3277.6,3291.05,3238.4,3261.5,1289680.0
2025-01-22T20:00:00+00:00,3261.55,3276.25,3221.0,3241.9,326185.0
2025-01-23T00:00:00+00:00,3239.45,3260.8,3203.1,3225.7,592228.0
2025-01-23T04:00:00+00:00,3226.1,3232.45,3181.9,3232.15,913820.0
2025-01-23T08:00:00+00:00,3232.05,3232.9,3187.3,3212.8,1044034.0
2025-01-23T12:00:00+00:00,3212.8,3286.0,3188.5,3258.55,2327626.0
2025-01-23T16:00:00+00:00,3258.55,3296.7,3192.9,3203.5,1629384.0
2025-01-23T20:00:00+00:00,3203.0,3347.6,3195.8,3337.0,821543.0
2025-01-24T00:00:00+00:00,3337.9,3349.15,3274.0,3301.7,625805.0
2025-01-24T04:00:00+00:00,3300.45,3420.95,3291.1,3380.55,1578430.0
2025-01-24T08:00:00+00:00,3380.6,3416.0,3374.45,3398.65,1250767.0
2025-01-24T12:00:00+00:00,3399.0,3430.0,3354.0,3382.6,1879872.0
2025-01-24T16:00:00+00:00,3382.6,3408.45,3363.05,3366.7,1253215.0
2025-01-24T20:00:00+00:00,3367.05,3377.6,3302.15,3309.5,512460.0
2025-01-25T00:00:00+00:00,3308.0,3323.15,3267.35,3318.0,481018.0
2025-01-25T04:00:00+00:00,3318.05,3318.6,3281.7,3289.85,749628.0
2025-01-25T08:00:00+00:00,3289.75,3310.6,3270.4,3305.55,718127.0
2025-01-25T12:00:00+00:00,3305.55,3343.6,3292.55,3333.05,909756.0
2025-01-25T16:00:00+00:00,3333.1,3348.4,3328.7,3338.7,742606.0
2025-01-25T20:00:00+00:00,3338.7,3349.65,3313.1,3317.8,282285.0
2025-01-26T00:00:00+00:00,3317.9,3349.3,3312.35,3338.0,362841.0
2025-01-26T04:00:00+00:00,3337.45,3361.2,3328.6,3337.55,616208.0
2025-01-26T08:00:00+00:00,3337.5,3342.4,3291.2,3310.5,862296.0
2025-01-26T12:00:00+00:00,3310.0,3319.7,3295.6,3314.0,530340.0
2025-01-26T16:00:00+00:00,3313.25,3343.6,3306.35,3337.7,590158.0
2025-01-26T20:00:00+00:00,3337.7,3341.35,3227.0,3232.65,425302.0
2025-01-27T00:00:00+00:00,3230.45,3252.3,3159.4,3181.8,764507.0
2025-01-27T04:00:00+00:00,3182.1,3182.15,3020.6,3069.35,1807371.0
2025-01-27T08:00:00+00:00,3069.05,3089.0,3032.3,3057.2,1223296.0
2025-01-27T12:00:00+00:00,3057.5,3150.95,3051.95,3130.65,1927967.0
2025-01-27T16:00:00+00:00,3132.0,3132.05,3045.3,3074.95,1556400.0
2025-01-27T20:00:00+00:00,3074.95,3237.95,3071.75,3180.65,671527.0
2025-01-28T00:00:00+00:00,3180.95,3217.1,3150.35,3201.95,534630.0
2025-01-28T04:00:00+00:00,3201.45,3221.55,3187.5,3194.8,615474.0
2025-01-28T08:00:00+00:00,3194.65,3206.55,3175.0,3185.25,647835.0
2025-01-28T12:00:00+00:00,3185.2,3213.65,3155.3,3180.2,1447312.0
2025-01-28T16:00:00+00:00,3180.2,3181.8,3120.2,3146.35,1517123.0
2025-01-28T20:00:00+00:00,3147.15,3154.0,3038.45,3076.05,681741.0
2025-01-29T00:00:00+00:00,3076.7,3131.65,3076.7,3128.95,542482.0
2025-01-29T04:00:00+00:00,3129.25,3158.6,3115.45,3155.65,611894.0
2025-01-29T08:00:00+00:00,3155.65,3163.0,3119.0,3133.6,802895.0
2025-01-29T12:00:00+00:00,3133.65,3138.95,3079.0,3099.7,1340869.0
2025-01-29T16:00:00+00:00,3098.75,3152.25,3053.0,3124.9,2123687.0
2025-01-29T20:00:00+00:00,3125.05,3180.95,3088.95,3112.55,861938.0
2025-01-30T00:00:00+00:00,3112.55,3201.8,3089.4,3200.3,577625.0
2025-01-30T04:00:00+00:00,3200.1,3214.8,3177.15,3189.5,702291.0
2025-01-30T08:00:00+00:00,3189.55,3228.5,3179.95,3221.15,977505.0
2025-01-30T12:00:00+00:00,3221.2,3279.85,3207.8,3253.85,2048476.0
2025-01-30T16:00:00+00:00,3254.35,3282.4,3247.2,3268.7,1232547.0
2025-01-30T20:00:00+00:00,3270.6,3271.75,3226.0,3245.85,483843.0
2025-01-31T00:00:00+00:00,3247.0,3278.65,3219.75,3229.6,901291.0
2025-01-31T04:00:00+00:00,3229.55,3276.35,3212.4,3240.0,1344199.0
2025-01-31T08:00:00+00:00,3239.95,3337.45,3232.05,3334.15,2071660.0
2025-01-31T12:00:00+00:00,3334.3,3427.05,3324.1,3426.35,3560695.0
2025-01-31T16:00:00+00:00,3426.2,3436.3,3293.05,3337.3,3635394.0
2025-01-31T20:00:00+00:00,3337.35,3337.35,3277.15,3299.1,1042026.0
2025-02-01T00:00:00+00:00,3299.55,3330.8,3281.8,3291.1,694518.0
2025-02-01T04:00:00+00:00,3291.0,3305.8,3271.5,3278.95,992015.0
2025-02-01T08:00:00+00:00,3278.95,3285.3,3222.35,3250.35,1800129.0
2025-02-01T12:00:00+00:00,3250.55,3272.0,3226.8,3249.4,2081517.0
2025-02-01T16:00:00+00:00,3249.35,3266.0,3177.7,3195.5,1912715.0
2025-02-01T20:00:00+00:00,3195.2,3195.2,3101.15,3116.2,1410312.0
2025-02-02T00:00:00+00:00,3115.35,3161.9,3067.95,3076.25,1241635.0
2025-02-02T04:00:00+00:00,3076.5,3137.8,3072.9,3099.85,1861228.0
2025-02-02T08:00:00+00:00,3099.85,3123.0,3050.25,3063.5,1930419.0
2025-02-02T12:00:00+00:00,3063.45,3100.1,3049.15,3079.35,2155769.0
2025-02-02T16:00:00+00:00,3079.35,3080.4,2892.0,2958.0,4236441.0
2025-02-02T20:00:00+00:00,2957.85,2985.8,2744.85,2868.3,1695132.0
2025-02-03T00:00:00+00:00,2868.1,2871.75,2117.05,2525.25,3313807.0
2025-02-03T04:00:00+00:00,2525.85,2629.25,2445.75,2619.25,2802734.0
2025-02-03T08:00:00+00:00,2619.55,2619.55,2524.2,2579.45,3423640.0
2025-02-03T12:00:00+00:00,2579.4,2725.0,2526.95,2699.05,5113177.0
2025-02-03T16:00:00+00:00,2698.7,2768.6,2665.3,2763.15,3568615.0
2025-02-03T20:00:00+00:00,2762.35,2919.35,2693.95,2878.75,1733927.0
2025-02-04T00:00:00+00:00,2878.65,2887.25,2791.0,2809.85,1130945.0
2025-02-04T04:00:00+00:00,2809.55,2835.75,2661.2,2702.1,2576565.0
2025-02-04T08:00:00+00:00,2702.35,2787.7,2675.25,2756.95,2263752.0
2025-02-04T12:00:00+00:00,2756.95,2844.65,2727.3,2775.5,4500747.0
2025-02-04T16:00:00+00:00,2775.65,2868.05,2763.0,2768.75,3071610.0
2025-02-04T20:00:00+00:00,2768.95,2792.95,2631.05,2729.8,1598258.0
2025-02-05T00:00:00+00:00,2730.05,2768.9,2697.95,2719.4,1005766.0
2025-02-05T04:00:00+00:00,2718.9,2787.0,2707.4,2758.2,1887203.0
2025-02-05T08:00:00+00:00,2758.0,2816.65,2745.15,2798.6,2032695.0
2025-02-05T12:00:00+00:00,2799.0,2826.9,2756.2,2772.4,3099394.0
2025-02-05T16:00:00+00:00,2772.1,2786.1,2714.0,2774.2,3127522.0
2025-02-05T20:00:00+00:00,2774.5,2802.1,2737.75,2786.0,1012758.0
2025-02-06T00:00:00+00:00,2783.55,2818.5,2753.85,2805.2,994642.0
2025-02-06T04:00:00+00:00,2805.2,2854.9,2804.75,2830.1,1672769.0
2025-02-06T08:00:00+00:00,2830.4,2856.6,2790.9,2802.05,2269019.0
2025-02-06T12:00:00+00:00,2802.05,2805.85,2681.85,2704.35,4024223.0
2025-02-06T16:00:00+00:00,2704.45,2725.1,2669.85,2688.55,2686125.0
2025-02-06T20:00:00+00:00,2688.95,2724.5,2653.05,2685.85,871637.0
2025-02-07T00:00:00+00:00,2685.25,2738.9,2678.0,2714.45,840115.0
2025-02-07T04:00:00+00:00,2714.45,2730.75,2666.7,2711.9,1637695.0
2025-02-07T08:00:00+00:00,2711.65,2763.45,2703.65,2761.3,1608813.0
2025-02-07T12:00:00+00:00,2761.35,2796.0,2708.65,2720.4,3669326.0
2025-02-07T16:00:00+00:00,2720.45,2726.2,2654.45,2657.8,2700396.0
2025-02-07T20:00:00+00:00,2657.8,2660.3,2560.9,2620.7,1495990.0
2025-02-08T00:00:00+00:00,2620.65,2666.35,2614.3,2640.6,1033658.0
2025-02-08T04:00:00+00:00,2640.6,2647.9,2594.0,2628.3,1578976.0
2025-02-08T08:00:00+00:00,2628.35,2631.45,2600.4,2612.05,1478509.0
2025-02-08T12:00:00+00:00,2612.1,2635.65,2587.15,2604.1,2409325.0
2025-02-08T16:00:00+00:00,2604.1,2648.55,2588.35,2636.15,2251984.0
2025-02-08T20:00:00+00:00,2637.0,2644.0,2622.4,2630.25,544609.0
2025-02-09T00:00:00+00:00,2631.0,2697.95,2625.35,2677.45,977105.0
2025-02-09T04:00:00+00:00,2677.05,2677.2,2648.0,2661.3,1425678.0
2025-02-09T08:00:00+00:00,2661.3,2672.5,2650.0,2653.8,1349896.0
2025-02-09T12:00:00+00:00,2653.8,2660.75,2610.05,2651.85,2191930.0
2025-02-09T16:00:00+00:00,2651.95,2665.0,2615.45,2622.75,1650798.0
2025-02-09T20:00:00+00:00,2622.75,2648.0,2518.8,2626.05,1555841.0
2025-02-10T00:00:00+00:00,2625.9,2657.4,2557.85,2624.7,1610374.0
2025-02-10T04:00:00+00:00,2625.0,2659.35,2617.2,2636.15,1270371.0
2025-02-10T08:00:00+00:00,2636.0,2661.0,2633.4,2652.2,1281253.0
2025-02-10T12:00:00+00:00,2652.0,2683.4,2630.0,2657.3,2732789.0
2025-02-10T16:00:00+00:00,2657.3,2692.95,2648.65,2670.95,2301574.0
2025-02-10T20:00:00+00:00,2670.5,2685.45,2650.1,2660.0,418586.0
2025-02-11T00:00:00+00:00,2659.95,2724.05,2659.4,2677.75,1198961.0
2025-02-11T04:00:00+00:00,2677.7,2724.0,2675.0,2711.2,1726362.0
2025-02-11T08:00:00+00:00,2710.65,2720.35,2690.4,2707.25,1545595.0
2025-02-11T12:00:00+00:00,2707.3,2709.05,2624.55,2661.45,3502799.0
2025-02-11T16:00:00+00:00,2661.15,2669.7,2581.35,2588.5,3053401.0
2025-02-11T20:00:00+00:00,2588.45,2630.45,2557.35,2601.05,1186530.0
2025-02-12T00:00:00+00:00,2601.05,2623.2,2566.9,2586.05,1042106.0
2025-02-12T04:00:00+00:00,2586.0,2622.7,2575.95,2617.5,1409867.0
2025-02-12T08:00:00+00:00,2617.2,2638.65,2609.4,2625.95,1637518.0
2025-02-12T12:00:00+00:00,2625.95,2664.2,2543.8,2605.65,4233529.0
2025-02-12T16:00:00+00:00,2606.1,2682.85,2582.05,2677.0,3281386.0
2025-02-12T20:00:00+00:00,2678.0,2794.65,2668.25,2737.05,1337499.0
2025-02-13T00:00:00+00:00,2737.15,2756.5,2714.85,2743.55,814842.0
2025-02-13T04:00:00+00:00,2743.75,2744.8,2670.45,2680.25,1521722.0
2025-02-13T08:00:00+00:00,2680.1,2687.55,2649.6,2654.75,1681871.0
2025-02-13T12:00:00+00:00,2654.75,2675.8,2614.4,2646.5,3091352.0
2025-02-13T16:00:00+00:00,2646.45,2660.7,2610.65,2639.3,2629163.0
2025-02-13T20:00:00+00:00,2639.65,2678.9,2639.2,2674.15,507706.0
2025-02-14T00:00:00+00:00,2675.5,2720.55,2663.0,2713.45,919519.0
2025-02-14T04:00:00+00:00,2713.95,2715.35,2687.85,2697.8,1302876.0
2025-02-14T08:00:00+00:00,2698.05,2715.75,2680.85,2684.1,1468638.0
2025-02-14T12:00:00+00:00,2684.0,2746.6,2676.45,2733.25,2954887.0
2025-02-14T16:00:00+00:00,2733.35,2790.55,2708.2,2736.55,3439344.0
2025-02-14T20:00:00+00:00,2736.7,2750.0,2704.1,2723.95,1123244.0
2025-02-15T00:00:00+00:00,2724.9,2738.1,2703.6,2723.05,699073.0
2025-02-15T04:00:00+00:00,2723.2,2732.65,2692.5,2696.35,1364879.0
2025-02-15T08:00:00+00:00,2696.35,2713.85,2694.1,2706.9,1311008.0
2025-02-15T12:00:00+00:00,2706.95,2713.0,2661.0,2689.9,1659282.0
2025-02-15T16:00:00+00:00,2689.9,2707.0,2677.9,2690.4,1212088.0
2025-02-15T20:00:00+00:00,2690.4,2703.4,2677.65,2691.7,476488.0
2025-02-16T00:00:00+00:00,2691.0,2704.65,2686.0,2697.9,415872.0
2025-02-16T04:00:00+00:00,2697.95,2725.6,2689.1,2694.4,1374705.0
2025-02-16T08:00:00+00:00,2694.4,2711.85,2688.0,2709.75,1340368.0
2025-02-16T12:00:00+00:00,2710.0,2711.45,2674.7,2692.95,1583023.0
2025-02-16T16:00:00+00:00,2692.95,2702.6,2658.05,2682.9,1730283.0
2025-02-16T20:00:00+00:00,2682.1,2688.35,2649.65,2660.05,628740.0
2025-02-17T00:00:00+00:00,2660.0,2683.2,2656.3,2670.8,778030.0
2025-02-17T04:00:00+00:00,2670.85,2694.5,2635.0,2680.45,1594607.0
2025-02-17T08:00:00+00:00,2680.45,2773.9,2675.35,2753.9,3226207.0
2025-02-17T12:00:00+00:00,2753.95,2848.65,2745.0,2754.7,4996336.0
2025-02-17T16:00:00+00:00,2754.7,2764.3,2685.55,2716.55,3706477.0
2025-02-17T20:00:00+00:00,2716.1,2776.4,2714.95,2742.45,956579.0
2025-02-18T00:00:00+00:00,2742.45,2755.65,2706.1,2710.8,848795.0
2025-02-18T04:00:00+00:00,2710.35,2716.95,2650.25,2671.55,2049696.0
2025-02-18T08:00:00+00:00,2671.05,2705.3,2651.5,2678.1,2035574.0
2025-02-18T12:00:00+00:00,2678.1,2731.55,2658.1,2672.4,3252476.0
2025-02-18T16:00:00+00:00,2672.6,2683.35,2604.3,2629.15,3020738.0
2025-02-18T20:00:00+00:00,2629.4,2671.0,2616.9,2670.5,831771.0
2025-02-19T00:00:00+00:00,2670.65,2699.15,2655.0,2693.0,895899.0
2025-02-19T04:00:00+00:00,2692.95,2716.55,2663.0,2707.05,1458483.0
2025-02-19T08:00:00+00:00,2707.0,2735.8,2703.6,2725.85,1509245.0
2025-02-19T12:00:00+00:00,2726.0,2730.15,2676.0,2695.6,2524800.0
2025-02-19T16:00:00+00:00,2695.55,2723.7,2693.2,2710.0,1689386.0
2025-02-19T20:00:00+00:00,2710.65,2733.3,2704.65,2714.7,518230.0
2025-02-20T00:00:00+00:00,2715.0,2750.05,2708.25,2740.8,747525.0
2025-02-20T04:00:00+00:00,2740.4,2757.9,2721.2,2728.85,1124416.0
2025-02-20T08:00:00+00:00,2728.85,2745.9,2723.6,2739.35,939272.0
2025-02-20T12:00:00+00:00,2739.45,2770.0,2705.9,2711.0,2800760.0
2025-02-20T16:00:00+00:00,2711.2,2767.2,2706.15,2746.6,2185659.0
2025-02-20T20:00:00+00:00,2746.85,2759.95,2720.7,2736.85,503666.0
2025-02-21T00:00:00+00:00,2736.9,2748.55,2724.25,2743.0,490634.0
2025-02-21T04:00:00+00:00,2743.2,2768.8,2743.15,2754.95,966874.0
2025-02-21T08:00:00+00:00,2754.95,2830.85,2746.55,2787.2,2449147.0
2025-02-21T12:00:00+00:00,2787.25,2844.9,2673.0,2722.25,5098829.0
2025-02-21T16:00:00+00:00,2722.3,2768.1,2624.2,2638.55,4515139.0
2025-02-21T20:00:00+00:00,2637.8,2661.8,2614.45,2660.9,1486470.0
2025-02-22T00:00:00+00:00,2658.3,2687.15,2651.3,2674.5,737882.0
2025-02-22T04:00:00+00:00,2673.95,2695.55,2671.35,2682.85,1183938.0
2025-02-22T08:00:00+00:00,2682.85,2752.65,2675.4,2731.95,2175936.0
2025-02-22T12:00:00+00:00,2731.9,2785.0,2721.0,2775.0,2299113.0
2025-02-22T16:00:00+00:00,2774.6,2797.2,2755.8,2769.15,2564087.0
2025-02-22T20:00:00+00:00,2769.0,2777.3,2758.1,2762.0,427212.0
2025-02-23T00:00:00+00:00,2762.05,2774.65,2744.0,2751.9,663922.0
2025-02-23T04:00:00+00:00,2751.6,2828.5,2745.1,2823.6,1983223.0
2025-02-23T08:00:00+00:00,2823.6,2830.25,2782.3,2796.5,1745864.0
2025-02-23T12:00:00+00:00,2796.45,2826.25,2772.05,2781.55,2396954.0
2025-02-23T16:00:00+00:00,2781.75,2823.2,2781.0,2806.7,2028400.0
2025-02-23T20:00:00+00:00,2806.8,2858.8,2783.8,2818.3,712090.0
2025-02-24T00:00:00+00:00,2819.65,2838.85,2709.9,2716.6,1524274.0
2025-02-24T04:00:00+00:00,2716.6,2734.6,2691.6,2720.7,1812322.0
2025-02-24T08:00:00+00:00,2720.4,2721.05,2662.05,2688.0,2364930.0
2025-02-24T12:00:00+00:00,2688.65,2695.65,2634.4,2657.45,3023423.0
2025-02-24T16:00:00+00:00,2657.55,2681.5,2621.35,2640.05,2146788.0
2025-02-24T20:00:00+00:00,2640.2,2662.7,2467.2,2513.2,1850277.0
2025-02-25T00:00:00+00:00,2512.25,2529.4,2457.0,2493.7,1798562.0
2025-02-25T04:00:00+00:00,2494.0,2511.85,2317.05,2367.0,3181600.0
2025-02-25T08:00:00+00:00,2367.1,2438.25,2355.75,2432.35,3484383.0
2025-02-25T12:00:00+00:00,2432.35,2447.95,2360.65,2409.0,4222185.0
2025-02-25T16:00:00+00:00,2409.1,2472.25,2382.4,2470.75,3290090.0
2025-02-25T20:00:00+00:00,2470.9,2532.65,2456.15,2493.7,1086942.0
2025-02-26T00:00:00+00:00,2494.05,2506.45,2470.5,2489.75,936770.0
2025-02-26T04:00:00+00:00,2489.75,2505.8,2474.05,2482.7,1930888.0
2025-02-26T08:00:00+00:00,2482.65,2494.7,2457.0,2463.3,2384428.0
2025-02-26T12:00:00+00:00,2464.2,2465.95,2368.85,2427.7,5049920.0
2025-02-26T16:00:00+00:00,2427.75,2433.35,2264.05,2295.5,4482310.0
2025-02-26T20:00:00+00:00,2295.5,2382.55,2252.95,2335.15,1855909.0
2025-02-27T00:00:00+00:00,2335.65,2369.7,2314.8,2331.35,1083354.0
2025-02-27T04:00:00+00:00,2331.25,2372.0,2302.2,2355.35,1875110.0
2025-02-27T08:00:00+00:00,2355.4,2380.7,2342.3,2352.8,2087825.0
2025-02-27T12:00:00+00:00,2352.35,2361.55,2289.7,2322.3,4042673.0
2025-02-27T16:00:00+00:00,2322.3,2336.8,2277.2,2290.35,3045493.0
2025-02-27T20:00:00+00:00,2293.3,2310.55,2229.2,2306.25,1582506.0
2025-02-28T00:00:00+00:00,2306.65,2313.15,2122.55,2146.0,2751453.0
2025-02-28T04:00:00+00:00,2146.4,2155.1,2072.0,2104.7,4513970.0
2025-02-28T08:00:00+00:00,2104.9,2150.8,2074.45,2125.0,3488046.0
2025-02-28T12:00:00+00:00,2124.6,2227.6,2104.0,2221.7,5837943.0
2025-02-28T16:00:00+00:00,2221.6,2254.3,2192.45,2229.75,4917561.0
2025-02-28T20:00:00+00:00,2229.1,2238.6,2197.65,2235.95,1547186.0
2025-03-01T00:00:00+00:00,2236.6,2274.3,2211.8,2261.75,1914603.0
2025-03-01T04:00:00+00:00,2261.65,2279.75,2223.1,2228.1,3180672.0
2025-03-01T08:00:00+00:00,2228.15,2238.8,2170.3,2183.3,3258390.0
2025-03-01T12:00:00+00:00,2183.3,2186.6,2141.55,2172.25,4145615.0
2025-03-01T16:00:00+00:00,2172.35,2233.7,2168.15,2222.1,3798422.0
2025-03-01T20:00:00+00:00,2222.1,2235.0,2190.05,2216.3,1249009.0
2025-03-02T00:00:00+00:00,2216.55,2230.2,2200.15,2219.25,1491557.0
2025-03-02T04:00:00+00:00,2219.45,2234.75,2217.1,2220.2,1827463.0
2025-03-02T08:00:00+00:00,2220.45,2260.05,2206.95,2237.75,2833629.0
2025-03-02T12:00:00+00:00,2237.8,2291.0,2171.1,2229.05,5547038.0
2025-03-02T16:00:00+00:00,2229.05,2518.45,2212.4,2485.35,8455289.0
2025-03-02T20:00:00+00:00,2485.0,2550.0,2478.8,2517.1,1431666.0
2025-03-03T00:00:00+00:00,2518.0,2522.8,2417.65,2440.15,1653208.0
2025-03-03T04:00:00+00:00,2440.5,2457.0,2351.65,2385.6,2635923.0
2025-03-03T08:00:00+00:00,2385.8,2387.0,2321.0,2354.65,2832665.0
2025-03-03T12:00:00+00:00,2355.15,2388.15,2266.4,2286.3,4270307.0
2025-03-03T16:00:00+00:00,2286.65,2295.9,2095.0,2107.95,5500931.0
2025-03-03T20:00:00+00:00,2108.65,2172.35,2096.0,2147.9,1749655.0
2025-03-04T00:00:00+00:00,2148.2,2166.25,2001.3,2073.55,2871737.0
2025-03-04T04:00:00+00:00,2073.8,2121.2,2067.35,2079.35,2821822.0
2025-03-04T08:00:00+00:00,2079.65,2117.0,2069.45,2100.15,2916009.0
2025-03-04T12:00:00+00:00,2100.4,2157.8,2024.5,2073.8,7042372.0
2025-03-04T16:00:00+00:00,2072.2,2173.95,1988.5,2171.7,6019906.0
2025-03-04T20:00:00+00:00,2171.65,2221.3,2125.7,2170.5,2036712.0
2025-03-05T00:00:00+00:00,2170.55,2192.0,2154.2,2159.65,1428802.0
2025-03-05T04:00:00+00:00,2159.75,2212.25,2157.0,2206.5,2036275.0
2025-03-05T08:00:00+00:00,2206.0,2272.65,2203.55,2216.55,4262612.0
2025-03-05T12:00:00+00:00,2216.75,2231.95,2165.3,2185.85,4057218.0
2025-03-05T16:00:00+00:00,2185.65,2221.9,2160.45,2216.9,4058617.0
2025-03-05T20:00:00+00:00,2217.0,2252.0,2212.8,2240.45,911256.0
2025-03-06T00:00:00+00:00,2240.45,2295.45,2233.0,2288.35,1651800.0
2025-03-06T04:00:00+00:00,2288.75,2318.9,2274.3,2285.25,2604112.0
2025-03-06T08:00:00+00:00,2285.25,2304.95,2275.35,2296.75,2149104.0
2025-03-06T12:00:00+00:00,2297.0,2297.8,2207.05,2256.45,4504508.0
2025-03-06T16:00:00+00:00,2256.5,2264.6,2175.5,2197.1,3805125.0
2025-03-06T20:00:00+00:00,2197.4,2228.5,2191.15,2201.35,939225.0
2025-03-07T00:00:00+00:00,2201.5,2226.2,2101.0,2147.2,2238444.0
2025-03-07T04:00:00+00:00,2147.25,2192.65,2143.35,2191.55,2045147.0
2025-03-07T08:00:00+00:00,2191.5,2209.95,2176.1,2196.7,2339546.0
2025-03-07T12:00:00+00:00,2196.55,2258.0,2164.4,2208.45,5244113.0
2025-03-07T16:00:00+00:00,2208.9,2214.7,2140.0,2177.5,4456053.0
2025-03-07T20:00:00+00:00,2177.5,2186.05,2113.4,2140.7,1497639.0
2025-03-08T00:00:00+00:00,2140.6,2155.35,2103.1,2136.85,1553260.0
2025-03-08T04:00:00+00:00,2137.05,2151.95,2130.4,2136.95,1792997.0
2025-03-08T08:00:00+00:00,2136.7,2142.5,2125.4,2140.85,2091920.0
2025-03-08T12:00:00+00:00,2140.85,2198.0,2136.8,2180.4,4202940.0
2025-03-08T16:00:00+00:00,2180.4,2234.25,2160.2,2223.7,4427905.0
2025-03-08T20:00:00+00:00,2223.75,2224.95,2192.6,2202.55,1018946.0
2025-03-09T00:00:00+00:00,2202.85,2211.3,2175.1,2184.8,1153925.0
2025-03-09T04:00:00+00:00,2184.85,2196.3,2171.0,2184.35,2051451.0
2025-03-09T08:00:00+00:00,2184.1,2187.0,2127.3,2145.55,2985312.0
2025-03-09T12:00:00+00:00,2145.75,2145.8,2082.8,2095.95,3219596.0
2025-03-09T16:00:00+00:00,2095.7,2108.2,1995.95,2039.2,6177138.0
2025-03-09T20:00:00+00:00,2039.3,2055.45,1987.0,2019.05,2381695.0
2025-03-10T00:00:00+00:00,2019.3,2069.45,1993.6,2056.8,1919661.0
2025-03-10T04:00:00+00:00,2056.25,2078.25,2053.15,2074.2,1857721.0
2025-03-10T08:00:00+00:00,2074.25,2152.0,2046.85,2127.1,4821567.0
2025-03-10T12:00:00+00:00,2127.2,2134.9,1995.45,2016.95,6382929.0
2025-03-10T16:00:00+00:00,2016.85,2024.3,1808.85,1868.75,10145566.0
2025-03-10T20:00:00+00:00,1868.55,1903.0,1842.25,1864.0,2111513.0
2025-03-11T00:00:00+00:00,1864.5,1889.5,1753.2,1849.4,2762869.0
2025-03-11T04:00:00+00:00,1849.0,1912.85,1844.9,1903.1,2779498.0
2025-03-11T08:00:00+00:00,1903.1,1929.05,1898.7,1913.45,3605196.0
2025-03-11T12:00:00+00:00,1913.35,1963.45,1839.35,1913.55,7452781.0
2025-03-11T16:00:00+00:00,1913.6,1962.3,1885.4,1950.75,6014151.0
2025-03-11T20:00:00+00:00,1950.65,1954.65,1916.25,1922.65,1045305.0
2025-03-12T00:00:00+00:00,1922.6,1931.9,1866.0,1867.55,2059770.0
2025-03-12T04:00:00+00:00,1867.75,1915.95,1851.55,1910.35,4348865.0
2025-03-12T08:00:00+00:00,1910.45,1955.8,1870.0,1915.85,5009353.0
2025-03-12T12:00:00+00:00,1915.85,1945.85,1828.9,1868.65,6440716.0
2025-03-12T16:00:00+00:00,1868.55,1893.5,1861.9,1877.15,4804284.0
2025-03-12T20:00:00+00:00,1877.2,1914.4,1872.75,1907.35,1243275.0
2025-03-13T00:00:00+00:00,1907.2,1916.4,1881.0,1886.15,1501957.0
2025-03-13T04:00:00+00:00,1886.05,1890.65,1857.6,1871.25,2221543.0
2025-03-13T08:00:00+00:00,1871.05,1904.6,1852.6,1899.65,4191885.0
2025-03-13T12:00:00+00:00,1899.3,1921.0,1863.0,1874.7,4768071.0
2025-03-13T16:00:00+00:00,1874.75,1877.4,1820.4,1850.9,5301400.0
2025-03-13T20:00:00+00:00,1850.85,1882.9,1838.15,1863.6,1219026.0
2025-03-14T00:00:00+00:00,1863.8,1894.0,1860.45,1888.6,1071815.0
2025-03-14T04:00:00+00:00,1888.45,1904.7,1886.8,1892.15,2095641.0
2025-03-14T08:00:00+00:00,1892.35,1908.25,1888.3,1901.5,2516749.0
2025-03-14T12:00:00+00:00,1901.5,1941.65,1873.95,1921.2,5886499.0
2025-03-14T16:00:00+00:00,1921.25,1944.75,1913.1,1933.0,3199334.0
2025-03-14T20:00:00+00:00,1932.95,1934.0,1907.45,1910.95,1125513.0
2025-03-15T00:00:00+00:00,1910.75,1922.45,1902.7,1919.65,1127799.0
2025-03-15T04:00:00+00:00,1919.75,1934.7,1913.55,1916.75,1982563.0
2025-03-15T08:00:00+00:00,1916.85,1931.0,1911.5,1927.95,1862117.0
2025-03-15T12:00:00+00:00,1928.0,1938.85,1921.6,1936.85,2229985.0
2025-03-15T16:00:00+00:00,1936.8,1947.4,1927.45,1936.0,2452153.0
2025-03-15T20:00:00+00:00,1936.2,1957.1,1935.2,1936.15,1081810.0
2025-03-16T00:00:00+00:00,1936.25,1939.9,1915.35,1926.5,1003184.0
2025-03-16T04:00:00+00:00,1926.5,1933.35,1920.5,1925.0,1153039.0
2025-03-16T08:00:00+00:00,1925.25,1926.2,1865.45,1872.7,3217082.0
2025-03-16T12:00:00+00:00,1872.6,1897.55,1872.2,1894.2,3444670.0
2025-03-16T16:00:00+00:00,1894.25,1923.65,1858.4,1882.0,3539276.0
2025-03-16T20:00:00+00:00,1881.75,1897.6,1869.25,1886.0,1054181.0
2025-03-17T00:00:00+00:00,1886.0,1914.85,1885.4,1908.15,1171420.0
2025-03-17T04:00:00+00:00,1908.05,1912.6,1878.75,1900.1,1768737.0
2025-03-17T08:00:00+00:00,1900.3,1917.7,1892.05,1909.7,2004981.0
2025-03-17T12:00:00+00:00,1909.8,1945.0,1886.4,1918.45,4232717.0
2025-03-17T16:00:00+00:00,1918.5,1951.8,1906.5,1941.5,3683839.0
2025-03-17T20:00:00+00:00,1941.25,1948.65,1921.1,1925.35,971122.0
2025-03-18T00:00:00+00:00,1925.45,1929.45,1896.4,1900.4,1485371.0
2025-03-18T04:00:00+00:00,1900.25,1909.5,1892.9,1904.0,1658798.0
2025-03-18T08:00:00+00:00,1903.95,1912.55,1884.35,1891.65,1918225.0
2025-03-18T12:00:00+00:00,1891.5,1902.55,1871.1,1880.0,4181767.0
2025-03-18T16:00:00+00:00,1880.05,1907.8,1872.35,1903.9,3098726.0
2025-03-18T20:00:00+00:00,1903.9,1935.35,1897.75,1930.6,932113.0
2025-03-19T00:00:00+00:00,1930.95,1948.5,1927.1,1937.75,1197625.0
2025-03-19T04:00:00+00:00,1937.5,1942.5,1929.45,1931.2,1209401.0
2025-03-19T08:00:00+00:00,1931.0,2032.75,1930.85,2027.3,4584196.0
2025-03-19T12:00:00+00:00,2027.05,2056.0,1994.25,2047.8,6338708.0
2025-03-19T16:00:00+00:00,2047.9,2062.0,1994.65,2030.1,5668678.0
2025-03-19T20:00:00+00:00,2029.9,2068.75,2027.45,2055.25,828664.0
2025-03-20T00:00:00+00:00,2055.25,2066.9,2019.2,2021.85,1165373.0
2025-03-20T04:00:00+00:00,2021.9,2024.65,2003.45,2006.5,1715154.0
2025-03-20T08:00:00+00:00,2006.95,2020.5,1970.3,1988.4,3083136.0
2025-03-20T12:00:00+00:00,1988.35,2009.7,1964.95,1971.15,4268264.0
2025-03-20T16:00:00+00:00,1970.6,1979.35,1951.2,1973.85,3121087.0
2025-03-20T20:00:00+00:00,1974.05,1984.2,1970.35,1982.9,570676.0
2025-03-21T00:00:00+00:00,1982.7,1995.8,1972.0,1977.35,998459.0
2025-03-21T04:00:00+00:00,1977.25,1989.0,1965.25,1976.0,1728669.0
2025-03-21T08:00:00+00:00,1976.0,1981.6,1955.55,1965.9,2041991.0
2025-03-21T12:00:00+00:00,1965.75,1973.2,1935.0,1949.75,4531935.0
2025-03-21T16:00:00+00:00,1949.6,1976.9,1945.1,1972.9,3123545.0
2025-03-21T20:00:00+00:00,1972.6,1982.25,1961.2,1964.7,764887.0
2025-03-22T00:00:00+00:00,1964.8,1986.3,1963.4,1984.85,952694.0
2025-03-22T04:00:00+00:00,1985.0,1992.3,1982.15,1983.2,1463863.0
2025-03-22T08:00:00+00:00,1983.0,2005.7,1980.4,1989.35,3042791.0
2025-03-22T12:00:00+00:00,1989.3,1997.0,1980.3,1985.35,2071606.0
2025-03-22T16:00:00+00:00,1985.3,1999.5,1981.2,1995.05,1893000.0
2025-03-22T20:00:00+00:00,1994.95,2003.4,1973.85,1979.85,1180826.0
2025-03-23T00:00:00+00:00,1979.55,2007.75,1975.65,2007.55,1167485.0
2025-03-23T04:00:00+00:00,2007.55,2020.0,1991.25,2007.25,1928518.0
2025-03-23T08:00:00+00:00,2007.25,2019.85,2001.55,2007.0,2110194.0
2025-03-23T12:00:00+00:00,2007.0,2019.45,2001.3,2006.2,2492460.0
2025-03-23T16:00:00+00:00,2006.25,2007.1,1986.15,1995.35,2289140.0
2025-03-23T20:00:00+00:00,1995.35,2006.0,1979.5,2005.0,771483.0
2025-03-24T00:00:00+00:00,2004.7,2021.15,1976.45,2013.7,1704922.0
2025-03-24T04:00:00+00:00,2013.65,2078.9,2013.65,2068.4,2926403.0
2025-03-24T08:00:00+00:00,2068.45,2103.15,2068.1,2091.6,2937235.0
2025-03-24T12:00:00+00:00,2091.7,2101.35,2072.35,2088.8,3857300.0
2025-03-24T16:00:00+00:00,2088.8,2100.6,2066.35,2087.8,2765926.0
2025-03-24T20:00:00+00:00,2087.7,2094.45,2067.2,2080.5,750063.0
2025-03-25T00:00:00+00:00,2080.45,2097.05,2040.5,2042.25,1774251.0
2025-03-25T04:00:00+00:00,2042.25,2066.1,2036.0,2054.75,1773382.0
2025-03-25T08:00:00+00:00,2054.85,2074.3,2052.55,2067.4,1751134.0
2025-03-25T12:00:00+00:00,2067.35,2079.8,2051.2,2066.9,3427221.0
2025-03-25T16:00:00+00:00,2066.95,2083.35,2055.85,2074.7,2751613.0
2025-03-25T20:00:00+00:00,2074.95,2083.25,2052.95,2065.6,779346.0
2025-03-26T00:00:00+00:00,2065.6,2078.15,2041.45,2048.45,1168429.0
2025-03-26T04:00:00+00:00,2048.55,2071.15,2047.0,2068.8,1146332.0
2025-03-26T08:00:00+00:00,2068.8,2075.3,2057.1,2067.9,1310090.0
2025-03-26T12:00:00+00:00,2068.15,2070.0,2005.95,2011.8,3644221.0
2025-03-26T16:00:00+00:00,2011.5,2021.65,1980.85,1999.55,3258005.0
2025-03-26T20:00:00+00:00,1999.1,2017.1,1991.35,2009.05,1021709.0
2025-03-27T00:00:00+00:00,2009.05,2037.1,2006.45,2030.6,1053377.0
2025-03-27T04:00:00+00:00,2030.85,2032.45,2020.7,2025.9,930284.0
2025-03-27T08:00:00+00:00,2025.9,2035.45,2011.5,2015.65,1608178.0
2025-03-27T12:00:00+00:00,2015.55,2025.75,1986.1,2005.15,3748168.0
2025-03-27T16:00:00+00:00,2005.0,2014.65,1993.0,2003.35,2448418.0
2025-03-27T20:00:00+00:00,2003.8,2020.4,1998.9,2003.35,588683.0
2025-03-28T00:00:00+00:00,2003.3,2015.55,1991.15,1999.45,1134920.0
2025-03-28T04:00:00+00:00,1999.35,2004.35,1899.35,1909.35,3424061.0
2025-03-28T08:00:00+00:00,1909.45,1924.0,1861.05,1899.85,3191321.0
2025-03-28T12:00:00+00:00,1899.75,1904.15,1870.9,1871.75,3630698.0
2025-03-28T16:00:00+00:00,1871.75,1887.0,1861.6,1873.8,3222300.0
2025-03-28T20:00:00+00:00,1874.15,1901.4,1873.1,1895.95,1183562.0
2025-03-29T00:00:00+00:00,1895.7,1913.3,1885.55,1899.35,1497582.0
2025-03-29T04:00:00+00:00,1899.35,1904.7,1874.75,1879.8,2102726.0
2025-03-29T08:00:00+00:00,1879.15,1887.05,1832.75,1844.15,3713110.0
2025-03-29T12:00:00+00:00,1844.25,1863.0,1833.1,1839.5,3199044.0
2025-03-29T16:00:00+00:00,1839.65,1847.4,1796.7,1827.0,5504231.0
2025-03-29T20:00:00+00:00,1827.1,1830.0,1811.0,1827.4,1174278.0
2025-03-30T00:00:00+00:00,1827.75,1844.05,1811.75,1834.0,1537351.0
2025-03-30T04:00:00+00:00,1833.75,1846.3,1831.8,1837.1,1862327.0
2025-03-30T08:00:00+00:00,1837.1,1848.4,1825.85,1832.65,2607275.0
2025-03-30T12:00:00+00:00,1832.8,1839.6,1785.05,1813.25,3269460.0
2025-03-30T16:00:00+00:00,1813.25,1834.3,1784.8,1813.7,4056329.0
2025-03-30T20:00:00+00:00,1813.75,1821.3,1767.0,1806.85,1579452.0
2025-03-31T00:00:00+00:00,1807.4,1823.45,1776.3,1798.15,2017108.0
2025-03-31T04:00:00+00:00,1798.2,1813.4,1788.4,1798.45,2584825.0
2025-03-31T08:00:00+00:00,1798.35,1819.3,1777.1,1813.35,3404590.0
2025-03-31T12:00:00+00:00,1812.95,1853.65,1792.75,1841.7,5147688.0
2025-03-31T16:00:00+00:00,1841.95,1846.75,1816.45,1827.0,3798859.0
2025-03-31T20:00:00+00:00,1826.45,1834.25,1815.75,1821.75,900379.0
2025-04-01T00:00:00+00:00,1821.9,1842.25,1817.2,1834.6,921196.0
2025-04-01T04:00:00+00:00,1835.0,1866.85,1831.55,1853.65,2016160.0
2025-04-01T08:00:00+00:00,1853.75,1891.65,1853.7,1861.8,3210144.0
2025-04-01T12:00:00+00:00,1861.9,1927.6,1841.65,1918.2,5650064.0
2025-04-01T16:00:00+00:00,1918.35,1924.0,1900.85,1909.55,3479305.0
2025-04-01T20:00:00+00:00,1909.55,1922.5,1896.25,1904.65,1080865.0
2025-04-02T00:00:00+00:00,1904.55,1907.45,1871.75,1875.75,1680266.0
2025-04-02T04:00:00+00:00,1875.6,1882.75,1851.1,1864.25,2363363.0
2025-04-02T08:00:00+00:00,1864.4,1887.45,1861.9,1868.35,2660741.0
2025-04-02T12:00:00+00:00,1868.4,1918.4,1853.5,1900.6,5990876.0
2025-04-02T16:00:00+00:00,1900.75,1915.6,1881.55,1910.9,3667777.0
2025-04-02T20:00:00+00:00,1910.9,1956.7,1780.95,1794.9,4153166.0
2025-04-03T00:00:00+00:00,1794.55,1834.4,1788.25,1824.0,1707212.0
2025-04-03T04:00:00+00:00,1823.8,1845.15,1806.45,1815.0,2306702.0
2025-04-03T08:00:00+00:00,1814.85,1823.85,1786.55,1794.7,2871938.0
2025-04-03T12:00:00+00:00,1794.95,1800.25,1748.0,1781.75,6401378.0
2025-04-03T16:00:00+00:00,1781.85,1798.8,1766.85,1786.9,4034916.0
2025-04-03T20:00:00+00:00,1786.3,1821.45,1778.95,1816.6,1305350.0
2025-04-04T00:00:00+00:00,1816.9,1822.85,1770.75,1792.15,1634464.0
2025-04-04T04:00:00+00:00,1792.55,1821.2,1783.25,1817.3,2521531.0
2025-04-04T08:00:00+00:00,1817.2,1835.0,1758.0,1783.5,5847880.0
2025-04-04T12:00:00+00:00,1783.6,1820.5,1769.0,1794.6,6669026.0
2025-04-04T16:00:00+00:00,1794.8,1828.65,1782.5,1809.65,3995346.0
2025-04-04T20:00:00+00:00,1810.15,1827.3,1806.9,1816.6,950724.0
2025-04-05T00:00:00+00:00,1816.65,1827.1,1808.7,1809.4,1218210.0
2025-04-05T04:00:00+00:00,1809.4,1815.4,1803.45,1812.8,1909193.0
2025-04-05T08:00:00+00:00,1812.85,1821.7,1806.0,1807.05,2272100.0
2025-04-05T12:00:00+00:00,1806.95,1808.0,1777.3,1781.45,3967467.0
2025-04-05T16:00:00+00:00,1781.45,1795.35,1779.15,1781.75,2311644.0
2025-04-05T20:00:00+00:00,1781.45,1809.7,1763.6,1805.35,1516023.0
2025-04-06T00:00:00+00:00,1805.55,1816.75,1801.35,1809.55,1338459.0
2025-04-06T04:00:00+00:00,1809.55,1812.95,1790.65,1797.2,1760781.0
2025-04-06T08:00:00+00:00,1797.15,1797.65,1782.55,1788.55,2380749.0
2025-04-06T12:00:00+00:00,1788.55,1791.6,1738.55,1760.0,5022772.0
2025-04-06T16:00:00+00:00,1759.1,1759.65,1601.4,1625.6,12909010.0
2025-04-06T20:00:00+00:00,1625.3,1630.65,1536.2,1580.35,4518549.0
2025-04-07T00:00:00+00:00,1580.25,1613.6,1520.25,1543.2,4335685.0
2025-04-07T04:00:00+00:00,1543.15,1561.2,1410.0,1460.15,8559430.0
2025-04-07T08:00:00+00:00,1460.45,1520.6,1455.05,1482.55,6929885.0
2025-04-07T12:00:00+00:00,1482.65,1639.0,1477.4,1556.65,9875102.0
2025-04-07T16:00:00+00:00,1555.9,1572.4,1525.55,1544.0,5062964.0
2025-04-07T20:00:00+00:00,1544.9,1584.8,1544.9,1552.65,1252052.0
2025-04-08T00:00:00+00:00,1552.8,1618.2,1540.5,1584.35,2215475.0
2025-04-08T04:00:00+00:00,1584.85,1602.0,1561.2,1570.35,2581988.0
2025-04-08T08:00:00+00:00,1570.15,1589.65,1553.75,1587.7,3344587.0
2025-04-08T12:00:00+00:00,1587.8,1593.3,1517.65,1531.25,6700787.0
2025-04-08T16:00:00+00:00,1531.1,1532.6,1453.75,1466.1,9160289.0
2025-04-08T20:00:00+00:00,1465.85,1485.8,1444.25,1472.8,1817518.0
2025-04-09T00:00:00+00:00,1473.0,1481.8,1384.25,1418.6,4151978.0
2025-04-09T04:00:00+00:00,1418.1,1491.6,1414.25,1483.1,4411465.0
2025-04-09T08:00:00+00:00,1483.1,1496.3,1444.4,1454.95,5755859.0
2025-04-09T12:00:00+00:00,1454.95,1501.25,1439.75,1484.9,7085504.0
2025-04-09T16:00:00+00:00,1484.85,1673.15,1481.4,1639.25,13208636.0
2025-04-09T20:00:00+00:00,1640.35,1688.35,1640.1,1669.25,2623019.0
2025-04-10T00:00:00+00:00,1669.05,1669.4,1601.4,1616.75,2697918.0
2025-04-10T04:00:00+00:00,1616.75,1625.6,1583.15,1595.4,4327261.0
2025-04-10T08:00:00+00:00,1595.4,1606.25,1581.0,1594.2,4234044.0
2025-04-10T12:00:00+00:00,1594.3,1626.5,1482.85,1495.15,10241225.0
2025-04-10T16:00:00+00:00,1495.3,1531.75,1471.75,1514.35,7872255.0
2025-04-10T20:00:00+00:00,1514.1,1533.35,1513.8,1521.95,1332091.0
2025-04-11T00:00:00+00:00,1521.95,1549.85,1504.45,1544.1,2212385.0
2025-04-11T04:00:00+00:00,1543.9,1562.1,1540.35,1552.25,3327728.0
2025-04-11T08:00:00+00:00,1552.35,1584.45,1537.25,1558.2,5675876.0
2025-04-11T12:00:00+00:00,1558.3,1581.1,1540.75,1565.05,6836862.0
2025-04-11T16:00:00+00:00,1565.15,1591.2,1555.25,1565.15,5152204.0
2025-04-11T20:00:00+00:00,1565.1,1586.7,1557.1,1566.4,1357451.0
2025-04-12T00:00:00+00:00,1566.25,1569.35,1545.5,1553.9,1689074.0
2025-04-12T04:00:00+00:00,1553.9,1584.75,1549.65,1581.5,3665208.0
2025-04-12T08:00:00+00:00,1581.5,1605.8,1580.4,1593.6,4613940.0
2025-04-12T12:00:00+00:00,1593.6,1669.5,1590.05,1655.35,8327273.0
2025-04-12T16:00:00+00:00,1655.45,1661.85,1627.75,1642.15,5601612.0
2025-04-12T20:00:00+00:00,1642.75,1659.7,1641.05,1643.95,1159532.0
2025-04-13T00:00:00+00:00,1645.1,1649.5,1606.0,1624.05,3013930.0
2025-04-13T04:00:00+00:00,1623.9,1624.2,1596.6,1613.05,4438284.0
2025-04-13T08:00:00+00:00,1613.15,1627.75,1591.3,1604.0,3888327.0
2025-04-13T12:00:00+00:00,1603.8,1608.55,1565.6,1586.3,4755487.0
2025-04-13T16:00:00+00:00,1586.3,1649.1,1561.3,1589.8,6849982.0
2025-04-13T20:00:00+00:00,1589.8,1616.45,1572.0,1597.3,2452110.0
2025-04-14T00:00:00+00:00,1597.3,1660.0,1595.4,1629.3,2972985.0
2025-04-14T04:00:00+00:00,1629.4,1642.0,1611.9,1635.2,4145484.0
2025-04-14T08:00:00+00:00,1635.2,1691.0,1629.05,1675.1,6096761.0
2025-04-14T12:00:00+00:00,1675.4,1689.35,1618.55,1627.65,7236430.0
2025-04-14T16:00:00+00:00,1627.45,1651.15,1614.0,1635.35,4373815.0
2025-04-14T20:00:00+00:00,1636.35,1637.55,1605.35,1623.2,1192264.0
2025-04-15T00:00:00+00:00,1623.95,1643.5,1614.45,1637.45,1751216.0
2025-04-15T04:00:00+00:00,1637.5,1648.0,1631.75,1644.5,2196795.0
2025-04-15T08:00:00+00:00,1644.45,1651.25,1621.85,1631.5,3706722.0
2025-04-15T12:00:00+00:00,1631.55,1660.75,1600.3,1620.5,6258711.0
2025-04-15T16:00:00+00:00,1620.4,1627.5,1595.4,1606.9,3467840.0
2025-04-15T20:00:00+00:00,1606.55,1614.6,1582.55,1588.65,1290770.0
2025-04-16T00:00:00+00:00,1588.4,1603.9,1575.85,1590.6,1651724.0
2025-04-16T04:00:00+00:00,1590.45,1593.15,1550.3,1563.85,3764554.0
2025-04-16T08:00:00+00:00,1563.65,1585.35,1556.0,1583.65,3778848.0
2025-04-16T12:00:00+00:00,1583.65,1615.25,1565.5,1590.05,5146309.0
2025-04-16T16:00:00+00:00,1590.25,1612.75,1537.85,1588.9,8644287.0
2025-04-16T20:00:00+00:00,1588.4,1597.85,1569.7,1576.85,1599467.0
2025-04-17T00:00:00+00:00,1576.95,1595.15,1574.3,1584.7,1421162.0
2025-04-17T04:00:00+00:00,1584.3,1610.25,1580.5,1601.35,2439192.0
2025-04-17T08:00:00+00:00,1601.35,1603.85,1587.85,1592.8,2708468.0
2025-04-17T12:00:00+00:00,1593.0,1602.9,1562.5,1582.6,5227367.0
2025-04-17T16:00:00+00:00,1582.7,1616.85,1576.35,1581.15,6645135.0
2025-04-17T20:00:00+00:00,1581.15,1591.35,1578.25,1583.2,1056549.0
2025-04-18T00:00:00+00:00,1583.25,1588.9,1576.5,1583.8,1000978.0
2025-04-18T04:00:00+00:00,1583.8,1584.85,1573.0,1583.8,2761620.0
2025-04-18T08:00:00+00:00,1583.75,1592.5,1581.75,1590.25,2407669.0
2025-04-18T12:00:00+00:00,1590.25,1597.0,1578.35,1582.55,3403233.0
2025-04-18T16:00:00+00:00,1582.65,1594.8,1581.0,1592.65,1809654.0
2025-04-18T20:00:00+00:00,1592.85,1600.2,1586.55,1588.3,858615.0
2025-04-19T00:00:00+00:00,1588.4,1599.95,1584.6,1597.5,1370530.0
2025-04-19T04:00:00+00:00,1597.4,1613.3,1594.95,1600.55,2898969.0
2025-04-19T08:00:00+00:00,1600.6,1606.3,1593.55,1596.65,2162818.0
2025-04-19T12:00:00+00:00,1596.75,1612.0,1594.65,1606.95,2550274.0
2025-04-19T16:00:00+00:00,1606.95,1632.0,1598.0,1614.25,3571734.0
2025-04-19T20:00:00+00:00,1614.75,1622.05,1610.55,1612.75,689088.0
2025-04-20T00:00:00+00:00,1612.8,1618.85,1607.7,1611.4,1039805.0
2025-04-20T04:00:00+00:00,1611.5,1617.35,1585.2,1597.0,2612338.0
2025-04-20T08:00:00+00:00,1597.0,1597.25,1565.0,1572.25,3702191.0
2025-04-20T12:00:00+00:00,1572.1,1583.9,1570.5,1573.2,2591296.0
2025-04-20T16:00:00+00:00,1573.2,1587.5,1571.0,1585.7,1586668.0
2025-04-20T20:00:00+00:00,1585.55,1600.5,1574.2,1587.0,1285673.0
2025-04-21T00:00:00+00:00,1586.85,1645.7,1585.85,1634.45,3775785.0
2025-04-21T04:00:00+00:00,1634.35,1658.35,1630.85,1645.5,2718575.0
2025-04-21T08:00:00+00:00,1645.75,1655.0,1617.35,1625.95,3454187.0
2025-04-21T12:00:00+00:00,1625.85,1641.75,1607.95,1622.75,5254356.0
2025-04-21T16:00:00+00:00,1622.85,1625.8,1561.0,1573.9,6568265.0
2025-04-21T20:00:00+00:00,1573.25,1580.35,1570.7,1578.9,722421.0
2025-04-22T00:00:00+00:00,1579.0,1593.35,1536.1,1578.6,2918284.0
2025-04-22T04:00:00+00:00,1578.6,1623.85,1573.4,1618.95,2968004.0
2025-04-22T08:00:00+00:00,1618.75,1638.2,1612.85,1630.5,3787011.0
2025-04-22T12:00:00+00:00,1630.4,1725.9,1626.35,1702.8,8409603.0
2025-04-22T16:00:00+00:00,1702.95,1710.35,1682.25,1698.55,4475133.0
2025-04-22T20:00:00+00:00,1698.2,1778.5,1691.85,1755.5,3124693.0
2025-04-23T00:00:00+00:00,1756.0,1807.45,1744.65,1794.95,4096258.0
2025-04-23T04:00:00+00:00,1794.95,1817.35,1773.6,1791.8,4122815.0
2025-04-23T08:00:00+00:00,1791.7,1811.8,1778.95,1797.05,3599569.0
2025-04-23T12:00:00+00:00,1796.95,1836.0,1761.35,1794.35,6894558.0
2025-04-23T16:00:00+00:00,1794.55,1809.95,1773.5,1785.85,3864675.0
2025-04-23T20:00:00+00:00,1785.65,1806.7,1785.1,1794.7,838599.0
2025-04-24T00:00:00+00:00,1794.55,1802.7,1766.2,1767.6,1614816.0
2025-04-24T04:00:00+00:00,1767.7,1775.8,1751.15,1755.8,1832002.0
2025-04-24T08:00:00+00:00,1756.0,1760.3,1722.0,1754.5,4102581.0
2025-04-24T12:00:00+00:00,1754.45,1777.7,1744.05,1764.15,4539242.0
2025-04-24T16:00:00+00:00,1764.15,1777.45,1745.35,1762.55,4113702.0
2025-04-24T20:00:00+00:00,1762.55,1774.55,1748.4,1769.2,869476.0
2025-04-25T00:00:00+00:00,1768.3,1790.4,1738.15,1760.45,2423045.0
2025-04-25T04:00:00+00:00,1760.45,1781.6,1757.65,1776.8,2257526.0
2025-04-25T08:00:00+00:00,1776.8,1792.8,1763.7,1789.95,3481415.0
2025-04-25T12:00:00+00:00,1789.65,1826.85,1756.0,1806.15,7522243.0
2025-04-25T16:00:00+00:00,1806.0,1810.25,1781.8,1801.9,4565493.0
2025-04-25T20:00:00+00:00,1801.8,1809.2,1783.5,1784.1,1208048.0
2025-04-26T00:00:00+00:00,1784.1,1815.5,1784.1,1796.85,1626606.0
2025-04-26T04:00:00+00:00,1796.85,1810.3,1788.35,1799.95,2362862.0
2025-04-26T08:00:00+00:00,1799.95,1841.1,1778.4,1785.15,5514300.0
2025-04-26T12:00:00+00:00,1785.15,1803.85,1779.6,1799.55,3541349.0
2025-04-26T16:00:00+00:00,1799.7,1813.9,1795.35,1812.5,2271525.0
2025-04-26T20:00:00+00:00,1812.55,1830.7,1804.85,1820.4,1543343.0
2025-04-27T00:00:00+00:00,1820.4,1857.05,1800.4,1809.35,3252473.0
2025-04-27T04:00:00+00:00,1809.05,1811.05,1789.55,1803.3,2396802.0
2025-04-27T08:00:00+00:00,1803.4,1815.4,1800.9,1805.65,2049802.0
2025-04-27T12:00:00+00:00,1805.4,1807.55,1781.3,1793.3,3343395.0
2025-04-27T16:00:00+00:00,1793.3,1808.0,1786.75,1807.35,1821010.0
2025-04-27T20:00:00+00:00,1807.45,1807.65,1783.9,1790.5,1029997.0
2025-04-28T00:00:00+00:00,1790.7,1792.8,1751.45,1783.8,2684132.0
2025-04-28T04:00:00+00:00,1783.65,1811.65,1783.65,1804.45,2574002.0
2025-04-28T08:00:00+00:00,1804.3,1827.0,1787.45,1815.3,4166781.0
2025-04-28T12:00:00+00:00,1815.3,1816.3,1752.0,1762.6,5373883.0
2025-04-28T16:00:00+00:00,1762.45,1805.0,1743.85,1796.85,4555793.0
2025-04-28T20:00:00+00:00,1796.65,1806.25,1780.75,1799.6,1139802.0
2025-04-29T00:00:00+00:00,1799.65,1811.35,1787.3,1801.7,1817646.0
2025-04-29T04:00:00+00:00,1801.7,1824.5,1787.4,1821.1,3075865.0
2025-04-29T08:00:00+00:00,1821.2,1842.55,1816.2,1829.15,4048471.0
2025-04-29T12:00:00+00:00,1829.0,1833.0,1802.15,1814.65,4540354.0
2025-04-29T16:00:00+00:00,1814.65,1831.95,1806.35,1820.65,3689399.0
2025-04-29T20:00:00+00:00,1821.5,1825.2,1780.0,1797.0,2156183.0
2025-04-30T00:00:00+00:00,1796.9,1812.4,1788.15,1808.0,2459537.0
2025-04-30T04:00:00+00:00,1808.35,1812.55,1790.35,1795.85,1989347.0
2025-04-30T08:00:00+00:00,1795.95,1816.4,1792.0,1815.2,2667124.0
2025-04-30T12:00:00+00:00,1815.1,1815.9,1730.9,1764.05,9363896.0
2025-04-30T16:00:00+00:00,1764.15,1792.85,1755.35,1786.6,5304904.0
2025-04-30T20:00:00+00:00,1785.9,1809.45,1784.45,1793.25,2308089.0
2025-05-01T00:00:00+00:00,1793.45,1818.65,1791.95,1807.7,2565445.0
2025-05-01T04:00:00+00:00,1807.7,1816.5,1801.65,1810.15,3302973.0
2025-05-01T08:00:00+00:00,1810.15,1859.0,1808.2,1845.0,6926142.0
2025-05-01T12:00:00+00:00,1845.2,1872.85,1824.25,1852.4,7559226.0
2025-05-01T16:00:00+00:00,1852.4,1869.8,1838.7,1842.35,4470356.0
2025-05-01T20:00:00+00:00,1842.3,1850.75,1832.5,1837.65,1207269.0
2025-05-02T00:00:00+00:00,1837.6,1851.0,1834.4,1847.1,1468901.0
2025-05-02T04:00:00+00:00,1847.1,1850.85,1815.25,1815.6,3510848.0
2025-05-02T08:00:00+00:00,1815.65,1835.0,1812.45,1832.7,2729070.0
2025-05-02T12:00:00+00:00,1832.7,1854.0,1822.3,1840.65,6133377.0
2025-05-02T16:00:00+00:00,1840.55,1870.4,1830.85,1839.35,5417988.0
2025-05-02T20:00:00+00:00,1839.2,1847.55,1832.55,1841.5,1078602.0
2025-05-03T00:00:00+00:00,1841.0,1842.85,1826.0,1834.4,1534752.0
2025-05-03T04:00:00+00:00,1834.4,1839.0,1823.9,1826.0,1935981.0
2025-05-03T08:00:00+00:00,1825.95,1830.35,1816.9,1823.75,2905281.0
2025-05-03T12:00:00+00:00,1824.0,1839.45,1823.45,1833.95,2390806.0
2025-05-03T16:00:00+00:00,1833.95,1838.9,1808.55,1838.05,4155949.0
2025-05-03T20:00:00+00:00,1837.95,1848.5,1828.15,1833.4,1236283.0
2025-05-04T00:00:00+00:00,1832.5,1849.15,1825.8,1831.55,1922464.0
2025-05-04T04:00:00+00:00,1831.55,1849.75,1828.9,1840.65,2868094.0
2025-05-04T08:00:00+00:00,1840.65,1841.25,1821.0,1827.05,3286553.0
2025-05-04T12:00:00+00:00,1827.0,1833.5,1817.55,1830.25,2405545.0
2025-05-04T16:00:00+00:00,1830.0,1832.7,1821.4,1827.9,2021734.0
2025-05-04T20:00:00+00:00,1828.2,1842.05,1802.15,1808.25,1788418.0
2025-05-05T00:00:00+00:00,1808.3,1817.85,1781.0,1794.2,2585360.0
2025-05-05T04:00:00+00:00,1794.2,1829.7,1792.1,1826.05,2899122.0
2025-05-05T08:00:00+00:00,1826.15,1831.0,1797.5,1804.15,3577036.0
2025-05-05T12:00:00+00:00,1804.2,1815.2,1793.85,1800.45,4257911.0
2025-05-05T16:00:00+00:00,1800.45,1828.3,1800.2,1815.5,3115906.0
2025-05-05T20:00:00+00:00,1816.0,1833.1,1798.8,1819.75,1222650.0
2025-05-06T00:00:00+00:00,1819.8,1820.6,1792.0,1805.7,1884580.0
2025-05-06T04:00:00+00:00,1805.95,1809.0,1797.6,1805.7,1460092.0
2025-05-06T08:00:00+00:00,1805.4,1805.7,1756.45,1769.5,4281850.0
2025-05-06T12:00:00+00:00,1769.5,1779.25,1751.0,1769.4,5638925.0
2025-05-06T16:00:00+00:00,1769.65,1798.85,1761.35,1784.5,4279242.0
2025-05-06T20:00:00+00:00,1784.5,1819.1,1764.4,1816.55,2462811.0
2025-05-07T00:00:00+00:00,1816.7,1850.25,1813.85,1826.0,3081624.0
2025-05-07T04:00:00+00:00,1825.9,1838.05,1824.0,1837.7,1695859.0
2025-05-07T08:00:00+00:00,1837.5,1846.75,1830.0,1835.9,2470832.0
2025-05-07T12:00:00+00:00,1835.9,1836.6,1813.85,1817.15,4129484.0
2025-05-07T16:00:00+00:00,1817.05,1817.6,1786.35,1795.4,6277825.0
2025-05-07T20:00:00+00:00,1795.5,1825.0,1788.25,1810.5,1181581.0
2025-05-08T00:00:00+00:00,1810.55,1906.75,1808.1,1901.0,4705964.0
2025-05-08T04:00:00+00:00,1900.85,1943.45,1891.75,1928.0,4736689.0
2025-05-08T08:00:00+00:00,1928.25,1968.4,1925.75,1957.1,4233353.0
2025-05-08T12:00:00+00:00,1957.0,2075.75,1954.0,2050.95,10969000.0
2025-05-08T16:00:00+00:00,2050.95,2140.0,2036.3,2117.45,7542952.0
2025-05-08T20:00:00+00:00,2118.0,2226.4,2111.4,2206.95,5816803.0
2025-05-09T00:00:00+00:00,2206.95,2245.3,2184.2,2204.95,4463174.0
2025-05-09T04:00:00+00:00,2205.05,2394.4,2202.1,2364.15,7991996.0
2025-05-09T08:00:00+00:00,2364.25,2490.4,2291.9,2351.2,13180014.0
2025-05-09T12:00:00+00:00,2351.2,2388.2,2270.3,2300.95,8411667.0
2025-05-09T16:00:00+00:00,2301.25,2355.0,2274.0,2330.6,5779193.0
2025-05-09T20:00:00+00:00,2331.45,2351.5,2322.1,2344.6,1077394.0
2025-05-10T00:00:00+00:00,2344.85,2380.45,2316.1,2339.35,2151536.0
2025-05-10T04:00:00+00:00,2339.25,2416.65,2325.65,2399.2,5269830.0
2025-05-10T08:00:00+00:00,2400.0,2435.5,2361.8,2384.15,8854697.0
2025-05-10T12:00:00+00:00,2384.45,2449.2,2384.45,2432.9,6330495.0
2025-05-10T16:00:00+00:00,2432.8,2512.45,2428.0,2498.8,9030678.0
2025-05-10T20:00:00+00:00,2498.8,2600.6,2468.5,2583.55,4123728.0
2025-05-11T00:00:00+00:00,2581.4,2608.15,2503.95,2537.4,4621119.0
2025-05-11T04:00:00+00:00,2536.9,2562.0,2453.55,2472.8,6796558.0
2025-05-11T08:00:00+00:00,2473.15,2535.35,2471.95,2529.85,6404884.0
2025-05-11T12:00:00+00:00,2529.85,2531.25,2435.0,2461.75,6225896.0
2025-05-11T16:00:00+00:00,2461.75,2524.85,2439.6,2507.45,6188149.0
2025-05-11T20:00:00+00:00,2507.55,2528.3,2482.9,2513.8,1725935.0
2025-05-12T00:00:00+00:00,2513.95,2548.2,2490.45,2519.5,2785973.0
2025-05-12T04:00:00+00:00,2519.6,2624.6,2485.3,2553.75,6034899.0
2025-05-12T08:00:00+00:00,2554.0,2585.1,2521.35,2530.1,5068687.0
2025-05-12T12:00:00+00:00,2529.65,2576.0,2478.55,2486.45,6734026.0
2025-05-12T16:00:00+00:00,2486.5,2512.15,2407.35,2459.7,6550857.0
2025-05-12T20:00:00+00:00,2459.5,2499.7,2451.65,2494.55,1646617.0
2025-05-13T00:00:00+00:00,2494.9,2495.0,2415.2,2424.5,2215222.0
2025-05-13T04:00:00+00:00,2424.4,2479.75,2419.35,2460.7,2826560.0
2025-05-13T08:00:00+00:00,2460.4,2525.25,2451.0,2512.75,4314703.0
2025-05-13T12:00:00+00:00,2512.55,2573.55,2490.8,2564.65,7253820.0
2025-05-13T16:00:00+00:00,2565.45,2739.0,2559.1,2691.15,10292382.0
2025-05-13T20:00:00+00:00,2690.25,2707.55,2654.45,2679.2,2717020.0
2025-05-14T00:00:00+00:00,2679.15,2724.35,2621.95,2646.25,3575278.0
2025-05-14T04:00:00+00:00,2646.25,2687.1,2635.6,2639.6,3931220.0
2025-05-14T08:00:00+00:00,2639.6,2645.3,2576.9,2624.75,6223447.0
2025-05-14T12:00:00+00:00,2624.75,2634.75,2558.1,2596.85,6851924.0
2025-05-14T16:00:00+00:00,2596.85,2617.35,2546.45,2604.0,5592521.0
2025-05-14T20:00:00+00:00,2604.45,2613.3,2583.15,2608.95,1008353.0
2025-05-15T00:00:00+00:00,2609.25,2646.4,2566.35,2574.25,3306030.0
2025-05-15T04:00:00+00:00,2574.35,2596.2,2514.8,2530.05,4430170.0
2025-05-15T08:00:00+00:00,2530.05,2566.4,2516.5,2554.5,5143244.0
2025-05-15T12:00:00+00:00,2554.4,2579.5,2477.3,2563.55,8363010.0
2025-05-15T16:00:00+00:00,2563.5,2603.4,2510.85,2530.15,7645057.0
2025-05-15T20:00:00+00:00,2530.55,2563.95,2511.0,2547.95,1726253.0
2025-05-16T00:00:00+00:00,2548.35,2584.6,2533.6,2580.6,1995407.0
2025-05-16T04:00:00+00:00,2581.0,2619.55,2563.4,2601.1,3672134.0
2025-05-16T08:00:00+00:00,2601.25,2648.65,2557.35,2620.55,6094359.0
2025-05-16T12:00:00+00:00,2620.45,2622.95,2572.8,2594.5,5381182.0
2025-05-16T16:00:00+00:00,2594.5,2601.7,2568.95,2592.6,3591734.0
2025-05-16T20:00:00+00:00,2591.25,2592.45,2528.2,2536.4,1940772.0
2025-05-17T00:00:00+00:00,2536.3,2536.5,2451.3,2496.0,4371793.0
2025-05-17T04:00:00+00:00,2496.35,2512.95,2474.0,2492.05,4188767.0
2025-05-17T08:00:00+00:00,2492.0,2495.6,2465.65,2480.95,3405428.0
2025-05-17T12:00:00+00:00,2481.05,2486.3,2445.2,2473.65,4684877.0
2025-05-17T16:00:00+00:00,2473.65,2488.75,2447.2,2469.4,4155626.0
2025-05-17T20:00:00+00:00,2469.05,2495.3,2452.45,2474.85,1334683.0
2025-05-18T00:00:00+00:00,2474.5,2487.3,2467.2,2476.7,1121231.0
2025-05-18T04:00:00+00:00,2476.6,2514.75,2476.6,2508.35,3427000.0
2025-05-18T08:00:00+00:00,2509.0,2527.95,2497.7,2501.15,3755871.0
2025-05-18T12:00:00+00:00,2501.05,2587.0,2487.45,2578.35,6420575.0
2025-05-18T16:00:00+00:00,2578.8,2583.4,2402.1,2407.2,9215924.0
2025-05-18T20:00:00+00:00,2407.2,2510.65,2313.5,2497.25,4073189.0
2025-05-19T00:00:00+00:00,2497.5,2512.65,2378.85,2384.55,3172841.0
2025-05-19T04:00:00+00:00,2385.3,2412.75,2347.85,2403.0,4329458.0
2025-05-19T08:00:00+00:00,2403.05,2422.25,2389.75,2416.75,3232084.0
2025-05-19T12:00:00+00:00,2416.75,2472.75,2384.65,2466.0,6972754.0
2025-05-19T16:00:00+00:00,2466.0,2547.3,2450.35,2519.1,8897261.0
2025-05-19T20:00:00+00:00,2518.25,2534.0,2491.8,2527.2,1560779.0
2025-05-20T00:00:00+00:00,2527.7,2588.0,2510.0,2552.55,4390389.0
2025-05-20T04:00:00+00:00,2552.55,2577.5,2521.15,2532.05,3558586.0
2025-05-20T08:00:00+00:00,2531.8,2539.65,2491.9,2513.9,3728298.0
2025-05-20T12:00:00+00:00,2513.8,2514.85,2463.55,2482.05,5258362.0
2025-05-20T16:00:00+00:00,2481.95,2511.0,2442.0,2501.1,6341474.0
2025-05-20T20:00:00+00:00,2500.75,2540.25,2483.95,2523.1,2057138.0
2025-05-21T00:00:00+00:00,2523.05,2554.0,2506.8,2544.45,2141168.0
2025-05-21T04:00:00+00:00,2544.35,2615.95,2533.7,2551.3,4781597.0
2025-05-21T08:00:00+00:00,2551.6,2561.85,2514.9,2536.25,3992850.0
2025-05-21T12:00:00+00:00,2536.25,2581.75,2521.1,2566.5,6196647.0
2025-05-21T16:00:00+00:00,2567.0,2615.0,2451.15,2512.35,9373344.0
2025-05-21T20:00:00+00:00,2511.2,2599.0,2485.55,2550.5,1765793.0
2025-05-22T00:00:00+00:00,2551.0,2647.7,2544.6,2629.05,3282424.0
2025-05-22T04:00:00+00:00,2629.05,2647.4,2602.3,2634.8,3957509.0
2025-05-22T08:00:00+00:00,2635.0,2693.0,2626.65,2650.5,5395957.0
2025-05-22T12:00:00+00:00,2650.5,2679.65,2622.35,2663.45,5511722.0
2025-05-22T16:00:00+00:00,2663.75,2675.9,2626.0,2634.3,4314276.0
2025-05-22T20:00:00+00:00,2634.5,2665.65,2627.75,2664.1,1652401.0
2025-05-23T00:00:00+00:00,2664.35,2734.45,2644.6,2721.4,3934829.0
2025-05-23T04:00:00+00:00,2721.4,2725.6,2650.75,2655.0,4107475.0
2025-05-23T08:00:00+00:00,2655.3,2688.25,2550.45,2565.65,5601697.0
2025-05-23T12:00:00+00:00,2565.6,2591.45,2497.55,2567.6,7169712.0
2025-05-23T16:00:00+00:00,2567.95,2586.5,2545.85,2560.45,3619093.0
2025-05-23T20:00:00+00:00,2560.3,2562.2,2503.25,2526.1,2004596.0
2025-05-24T00:00:00+00:00,2525.95,2555.55,2514.85,2549.3,2062486.0
2025-05-24T04:00:00+00:00,2549.55,2562.9,2534.85,2546.25,2609735.0
2025-05-24T08:00:00+00:00,2546.35,2575.0,2544.35,2562.45,2694084.0
2025-05-24T12:00:00+00:00,2562.7,2564.95,2542.9,2554.8,2658602.0
2025-05-24T16:00:00+00:00,2554.8,2566.85,2542.65,2553.7,1971268.0
2025-05-24T20:00:00+00:00,2553.8,2556.05,2516.6,2529.85,1369858.0
2025-05-25T00:00:00+00:00,2529.9,2539.0,2474.95,2512.25,2578965.0
2025-05-25T04:00:00+00:00,2512.35,2518.25,2486.5,2493.9,2235774.0
2025-05-25T08:00:00+00:00,2493.9,2502.0,2461.25,2497.1,3477110.0
2025-05-25T12:00:00+00:00,2497.0,2524.3,2479.0,2511.05,4380332.0
2025-05-25T16:00:00+00:00,2511.05,2535.0,2495.45,2525.8,2368399.0
2025-05-25T20:00:00+00:00,2525.6,2553.65,2507.0,2550.6,1757427.0
2025-05-26T00:00:00+00:00,2550.5,2576.2,2535.3,2559.9,2106631.0
2025-05-26T04:00:00+00:00,2559.8,2598.7,2556.65,2580.2,2664296.0
2025-05-26T08:00:00+00:00,2580.15,2582.1,2553.75,2567.3,2658898.0
2025-05-26T12:00:00+00:00,2567.2,2573.7,2538.15,2565.25,3508456.0
2025-05-26T16:00:00+00:00,2565.75,2572.9,2524.05,2540.8,3558630.0
2025-05-26T20:00:00+00:00,2540.45,2585.0,2535.45,2563.0,1327124.0
2025-05-27T00:00:00+00:00,2563.0,2573.0,2508.9,2549.0,2256344.0
2025-05-27T04:00:00+00:00,2549.0,2618.65,2548.3,2607.05,4288372.0
2025-05-27T08:00:00+00:00,2607.45,2654.9,2607.35,2652.2,3934044.0
2025-05-27T12:00:00+00:00,2652.45,2684.15,2633.0,2667.8,5426009.0
2025-05-27T16:00:00+00:00,2668.0,2712.25,2657.65,2686.7,5652567.0
2025-05-27T20:00:00+00:00,2687.4,2693.7,2651.85,2660.3,1455594.0
2025-05-28T00:00:00+00:00,2660.3,2661.2,2618.0,2645.0,2169332.0
2025-05-28T04:00:00+00:00,2645.0,2652.3,2623.1,2635.95,2133212.0
2025-05-28T08:00:00+00:00,2635.95,2658.85,2608.0,2656.6,3337489.0
2025-05-28T12:00:00+00:00,2656.6,2689.45,2612.95,2626.6,5925150.0
2025-05-28T16:00:00+00:00,2626.9,2664.45,2615.75,2617.4,3953362.0
2025-05-28T20:00:00+00:00,2617.2,2686.35,2611.55,2680.9,1449888.0
2025-05-29T00:00:00+00:00,2681.0,2789.75,2670.75,2762.65,3882891.0
2025-05-29T04:00:00+00:00,2762.45,2767.15,2701.05,2730.55,2896503.0
2025-05-29T08:00:00+00:00,2730.65,2743.6,2707.05,2715.25,2656913.0
2025-05-29T12:00:00+00:00,2715.4,2718.65,2620.95,2643.05,6615222.0
2025-05-29T16:00:00+00:00,2643.3,2673.1,2628.0,2649.95,3894582.0
2025-05-29T20:00:00+00:00,2649.8,2668.35,2617.75,2630.9,960645.0
2025-05-30T00:00:00+00:00,2630.85,2644.95,2557.1,2630.85,3508631.0
2025-05-30T04:00:00+00:00,2630.85,2648.85,2606.3,2618.25,3585510.0
2025-05-30T08:00:00+00:00,2618.25,2627.65,2587.7,2621.25,3436276.0
2025-05-30T12:00:00+00:00,2621.2,2625.85,2571.45,2597.4,5870720.0
2025-05-30T16:00:00+00:00,2597.75,2603.65,2531.15,2574.0,5270141.0
2025-05-30T20:00:00+00:00,2573.2,2588.8,2506.25,2530.1,1608805.0
2025-05-31T00:00:00+00:00,2530.2,2538.85,2474.8,2513.45,3321171.0
2025-05-31T04:00:00+00:00,2513.45,2526.05,2503.9,2520.55,2437731.0
2025-05-31T08:00:00+00:00,2520.55,2538.2,2507.7,2519.1,3473748.0
2025-05-31T12:00:00+00:00,2518.95,2549.8,2515.8,2535.45,4234571.0
2025-05-31T16:00:00+00:00,2535.35,2547.0,2522.55,2537.05,2445204.0
2025-05-31T20:00:00+00:00,2536.9,2550.8,2523.95,2527.5,1173933.0
2025-06-01T00:00:00+00:00,2527.55,2530.15,2491.3,2512.9,2705092.0
2025-06-01T04:00:00+00:00,2512.9,2521.95,2505.1,2508.05,1657951.0
2025-06-01T08:00:00+00:00,2508.2,2510.25,2477.0,2496.85,4020381.0
2025-06-01T12:00:00+00:00,2496.75,2524.55,2467.6,2522.6,4354995.0
2025-06-01T16:00:00+00:00,2522.55,2547.45,2492.0,2525.85,4901082.0
2025-06-01T20:00:00+00:00,2525.7,2546.9,2518.45,2538.45,1180698.0
2025-06-02T00:00:00+00:00,2538.45,2541.5,2484.65,2495.55,2242281.0
2025-06-02T04:00:00+00:00,2495.35,2513.4,2482.85,2506.35,2592011.0
2025-06-02T08:00:00+00:00,2506.35,2515.65,2473.85,2480.55,3188696.0
2025-06-02T12:00:00+00:00,2480.5,2556.6,2477.45,2543.7,6117337.0
2025-06-02T16:00:00+00:00,2543.8,2564.6,2523.95,2531.9,4956544.0
2025-06-02T20:00:00+00:00,2531.85,2614.55,2531.85,2607.05,2292917.0
2025-06-03T00:00:00+00:00,2607.05,2649.55,2588.8,2602.95,3977741.0
2025-06-03T04:00:00+00:00,2602.95,2620.0,2589.45,2609.15,2528963.0
2025-06-03T08:00:00+00:00,2609.3,2619.95,2594.0,2600.7,2725797.0
2025-06-03T12:00:00+00:00,2600.95,2655.2,2596.85,2623.05,5835011.0
2025-06-03T16:00:00+00:00,2623.05,2628.0,2602.4,2624.2,4091754.0
2025-06-03T20:00:00+00:00,2624.75,2624.95,2575.75,2592.65,1877812.0
2025-06-04T00:00:00+00:00,2592.65,2640.25,2582.85,2627.35,2153116.0
2025-06-04T04:00:00+00:00,2627.3,2644.55,2618.9,2626.9,2520678.0
2025-06-04T08:00:00+00:00,2627.15,2649.85,2623.45,2624.1,3248096.0
2025-06-04T12:00:00+00:00,2624.3,2679.2,2593.7,2667.4,7242096.0
2025-06-04T16:00:00+00:00,2667.4,2668.7,2621.3,2622.95,4848967.0
2025-06-04T20:00:00+00:00,2622.85,2624.35,2597.9,2606.7,1850000.0
2025-06-05T00:00:00+00:00,2607.2,2631.45,2600.9,2624.6,1602228.0
2025-06-05T04:00:00+00:00,2624.6,2634.05,2600.55,2603.8,2555292.0
2025-06-05T08:00:00+00:00,2603.8,2613.55,2580.1,2607.2,2969442.0
2025-06-05T12:00:00+00:00,2607.1,2640.4,2562.0,2588.8,7231783.0
2025-06-05T16:00:00+00:00,2588.9,2591.25,2506.25,2528.65,5614590.0
2025-06-05T20:00:00+00:00,2528.55,2535.3,2390.55,2413.4,4694646.0
2025-06-06T00:00:00+00:00,2413.4,2456.4,2382.45,2455.05,2409213.0
2025-06-06T04:00:00+00:00,2455.05,2467.6,2446.0,2454.7,2563844.0
2025-06-06T08:00:00+00:00,2454.6,2492.35,2453.45,2475.6,3348053.0
2025-06-06T12:00:00+00:00,2475.35,2530.15,2466.2,2508.75,6325687.0
2025-06-06T16:00:00+00:00,2508.75,2517.95,2482.65,2483.45,3875759.0
2025-06-06T20:00:00+00:00,2483.55,2507.0,2472.15,2475.9,959427.0
2025-06-07T00:00:00+00:00,2475.9,2493.0,2456.3,2488.5,1869243.0
2025-06-07T04:00:00+00:00,2488.4,2501.4,2479.2,2490.65,2615595.0
2025-06-07T08:00:00+00:00,2490.65,2500.95,2481.25,2494.65,1950033.0
2025-06-07T12:00:00+00:00,2495.3,2523.4,2491.9,2519.05,3333824.0
2025-06-07T16:00:00+00:00,2518.95,2525.45,2506.1,2516.35,2544367.0
2025-06-07T20:00:00+00:00,2516.25,2544.25,2516.15,2524.1,1117963.0
2025-06-08T00:00:00+00:00,2524.0,2525.55,2507.5,2511.15,1211878.0
2025-06-08T04:00:00+00:00,2511.25,2519.6,2508.0,2514.0,1324647.0
2025-06-08T08:00:00+00:00,2514.0,2520.5,2490.2,2512.75,2927792.0
2025-06-08T12:00:00+00:00,2512.85,2526.95,2499.1,2513.9,2775716.0
2025-06-08T16:00:00+00:00,2513.95,2540.0,2511.95,2532.0,2542709.0
2025-06-08T20:00:00+00:00,2532.0,2548.5,2499.3,2508.95,1337139.0
2025-06-09T00:00:00+00:00,2508.75,2511.2,2481.3,2496.1,1791936.0
2025-06-09T04:00:00+00:00,2495.95,2496.4,2477.0,2491.05,1983462.0
2025-06-09T08:00:00+00:00,2491.1,2547.0,2483.9,2541.2,4691560.0
2025-06-09T12:00:00+00:00,2541.4,2548.4,2508.6,2533.55,4547742.0
2025-06-09T16:00:00+00:00,2533.45,2589.65,2533.45,2579.95,4996009.0
2025-06-09T20:00:00+00:00,2579.95,2693.65,2574.85,2679.75,3014350.0
2025-06-10T00:00:00+00:00,2679.6,2727.0,2675.1,2688.75,3333349.0
2025-06-10T04:00:00+00:00,2688.75,2699.05,2655.9,2676.95,3754684.0
2025-06-10T08:00:00+00:00,2677.15,2798.95,2669.45,2773.5,6077582.0
2025-06-10T12:00:00+00:00,2773.5,2778.7,2689.55,2732.4,7106744.0
2025-06-10T16:00:00+00:00,2732.4,2807.05,2727.7,2773.55,5678645.0
2025-06-10T20:00:00+00:00,2773.75,2827.0,2734.35,2816.15,2751477.0
2025-06-11T00:00:00+00:00,2816.15,2834.7,2771.8,2790.75,2636998.0
2025-06-11T04:00:00+00:00,2790.85,2803.95,2779.6,2791.5,2334481.0
2025-06-11T08:00:00+00:00,2791.5,2793.35,2753.55,2772.45,3348691.0
2025-06-11T12:00:00+00:00,2772.5,2879.1,2763.75,2864.6,9153334.0
2025-06-11T16:00:00+00:00,2864.65,2875.1,2801.15,2812.8,7255574.0
2025-06-11T20:00:00+00:00,2812.25,2830.6,2743.25,2771.0,2545287.0
2025-06-12T00:00:00+00:00,2770.85,2784.15,2745.85,2764.5,2109238.0
2025-06-12T04:00:00+00:00,2764.75,2776.15,2732.35,2740.0,2600534.0
2025-06-12T08:00:00+00:00,2740.0,2761.6,2720.7,2729.25,3661819.0
2025-06-12T12:00:00+00:00,2729.35,2772.15,2711.45,2718.8,6087218.0
2025-06-12T16:00:00+00:00,2719.0,2770.4,2690.85,2693.7,5622190.0
2025-06-12T20:00:00+00:00,2693.7,2702.95,2615.1,2642.2,3071365.0
2025-06-13T00:00:00+00:00,2642.8,2644.55,2436.4,2513.6,6563687.0
2025-06-13T04:00:00+00:00,2513.5,2541.5,2491.2,2525.6,4162219.0
2025-06-13T08:00:00+00:00,2525.7,2545.15,2505.9,2544.4,4082860.0
2025-06-13T12:00:00+00:00,2544.4,2562.85,2503.2,2550.85,6774550.0
2025-06-13T16:00:00+00:00,2550.75,2584.55,2509.3,2527.2,6901104.0
2025-06-13T20:00:00+00:00,2527.2,2582.8,2523.5,2578.25,1572639.0
2025-06-14T00:00:00+00:00,2578.55,2578.55,2546.4,2548.3,1869828.0
2025-06-14T04:00:00+00:00,2548.2,2556.15,2525.8,2536.3,2328120.0
2025-06-14T08:00:00+00:00,2536.3,2539.45,2517.75,2537.6,2755119.0
2025-06-14T12:00:00+00:00,2537.5,2545.6,2504.25,2518.65,3433557.0
2025-06-14T16:00:00+00:00,2518.7,2525.65,2488.0,2507.0,5477094.0
2025-06-14T20:00:00+00:00,2506.85,2539.7,2496.0,2530.15,1762090.0
2025-06-15T00:00:00+00:00,2530.25,2540.45,2524.4,2529.5,871170.0
2025-06-15T04:00:00+00:00,2529.6,2552.8,2521.8,2527.9,2872632.0
2025-06-15T08:00:00+00:00,2527.9,2529.55,2507.85,2515.35,2627970.0
2025-06-15T12:00:00+00:00,2515.65,2554.65,2515.25,2541.2,3731975.0
2025-06-15T16:00:00+00:00,2541.3,2559.0,2530.1,2536.45,3145992.0
2025-06-15T20:00:00+00:00,2536.4,2549.5,2490.9,2546.9,2330682.0
2025-06-16T00:00:00+00:00,2546.9,2578.55,2514.1,2567.9,2456286.0
2025-06-16T04:00:00+00:00,2568.15,2638.05,2566.15,2628.2,4228238.0
2025-06-16T08:00:00+00:00,2628.5,2633.1,2592.1,2616.4,3605575.0
2025-06-16T12:00:00+00:00,2616.15,2657.0,2603.85,2631.35,5429368.0
2025-06-16T16:00:00+00:00,2631.45,2669.45,2626.75,2659.6,3911245.0
2025-06-16T20:00:00+00:00,2659.75,2680.0,2534.6,2543.7,2915781.0
2025-06-17T00:00:00+00:00,2543.7,2618.2,2524.4,2606.85,3137873.0
2025-06-17T04:00:00+00:00,2606.85,2610.25,2569.5,2581.65,2792466.0
2025-06-17T08:00:00+00:00,2581.55,2584.95,2541.25,2551.85,3170809.0
2025-06-17T12:00:00+00:00,2551.85,2567.1,2480.85,2498.2,6550026.0
2025-06-17T16:00:00+00:00,2498.2,2543.2,2452.7,2527.65,6925735.0
2025-06-17T20:00:00+00:00,2527.55,2533.95,2491.45,2509.45,2022708.0
2025-06-18T00:00:00+00:00,2509.55,2535.65,2505.45,2527.35,1732495.0
2025-06-18T04:00:00+00:00,2527.45,2545.55,2517.0,2532.8,2664062.0
2025-06-18T08:00:00+00:00,2532.9,2547.85,2488.05,2513.15,4907332.0
2025-06-18T12:00:00+00:00,2513.15,2538.5,2465.65,2508.3,7340123.0
2025-06-18T16:00:00+00:00,2508.4,2518.0,2466.0,2491.65,5726592.0
2025-06-18T20:00:00+00:00,2491.5,2537.1,2482.05,2523.95,1549480.0
2025-06-19T00:00:00+00:00,2523.95,2546.6,2506.2,2524.85,1467309.0
2025-06-19T04:00:00+00:00,2524.85,2530.75,2513.5,2518.05,1478963.0
2025-06-19T08:00:00+00:00,2518.05,2544.5,2518.05,2531.2,2578973.0
2025-06-19T12:00:00+00:00,2531.2,2536.4,2489.3,2492.3,4194472.0
2025-06-19T16:00:00+00:00,2492.3,2522.55,2484.15,2504.05,3682395.0
2025-06-19T20:00:00+00:00,2504.25,2532.0,2501.95,2520.65,943031.0
2025-06-20T00:00:00+00:00,2520.65,2531.05,2511.5,2516.65,1114457.0
2025-06-20T04:00:00+00:00,2516.65,2550.95,2502.9,2549.1,3146977.0
2025-06-20T08:00:00+00:00,2549.15,2568.9,2540.5,2549.15,4254988.0
2025-06-20T12:00:00+00:00,2549.15,2559.15,2486.45,2492.9,6522207.0
2025-06-20T16:00:00+00:00,2493.2,2495.7,2364.3,2414.0,9782800.0
2025-06-20T20:00:00+00:00,2414.05,2437.3,2381.15,2405.95,1617024.0
2025-06-21T00:00:00+00:00,2405.95,2431.85,2395.1,2424.75,1261793.0
2025-06-21T04:00:00+00:00,2424.85,2427.65,2418.15,2425.95,1382773.0
2025-06-21T08:00:00+00:00,2426.15,2447.45,2422.55,2442.3,2638705.0
2025-06-21T12:00:00+00:00,2441.95,2444.6,2411.9,2422.8,3891481.0
2025-06-21T16:00:00+00:00,2422.9,2427.8,2382.15,2384.5,4439810.0
2025-06-21T20:00:00+00:00,2384.5,2408.8,2215.3,2295.05,5072585.0
2025-06-22T00:00:00+00:00,2295.05,2313.25,2245.0,2263.9,3696856.0
2025-06-22T04:00:00+00:00,2264.0,2297.8,2261.0,2270.0,3538807.0
2025-06-22T08:00:00+00:00,2270.15,2279.55,2235.3,2272.4,4343293.0
2025-06-22T12:00:00+00:00,2272.3,2286.5,2155.6,2174.4,10441368.0
2025-06-22T16:00:00+00:00,2174.3,2219.7,2170.0,2183.35,5622722.0
2025-06-22T20:00:00+00:00,2183.45,2236.45,2112.05,2226.8,4248444.0
2025-06-23T00:00:00+00:00,2226.8,2259.3,2221.15,2234.05,2140742.0
2025-06-23T04:00:00+00:00,2234.35,2275.8,2227.0,2258.05,3484873.0
2025-06-23T08:00:00+00:00,2257.95,2273.8,2238.0,2252.85,3319888.0
2025-06-23T12:00:00+00:00,2252.7,2314.0,2231.6,2247.65,8353818.0
2025-06-23T16:00:00+00:00,2247.55,2325.1,2187.55,2312.6,11179550.0
2025-06-23T20:00:00+00:00,2312.4,2439.0,2302.7,2410.9,3605318.0
2025-06-24T00:00:00+00:00,2411.0,2417.2,2388.5,2398.1,2199968.0
2025-06-24T04:00:00+00:00,2398.1,2434.05,2390.4,2392.1,3285064.0
2025-06-24T08:00:00+00:00,2392.15,2449.95,2375.5,2408.65,4952825.0
2025-06-24T12:00:00+00:00,2408.6,2453.95,2401.9,2437.4,4887422.0
2025-06-24T16:00:00+00:00,2437.5,2481.35,2416.25,2433.35,6040448.0
2025-06-24T20:00:00+00:00,2433.0,2449.35,2429.45,2448.1,960875.0
2025-06-25T00:00:00+00:00,2448.1,2468.1,2435.9,2443.4,1748760.0
2025-06-25T04:00:00+00:00,2443.35,2450.3,2423.25,2443.55,2361544.0
2025-06-25T08:00:00+00:00,2443.85,2448.15,2405.95,2428.15,3789888.0
2025-06-25T12:00:00+00:00,2427.8,2445.75,2388.5,2405.0,6274819.0
2025-06-25T16:00:00+00:00,2405.0,2439.0,2400.7,2432.05,3637105.0
2025-06-25T20:00:00+00:00,2432.2,2453.95,2407.1,2417.7,1174847.0
2025-06-26T00:00:00+00:00,2417.85,2520.6,2415.9,2488.4,2898438.0
2025-06-26T04:00:00+00:00,2488.4,2500.05,2466.5,2489.5,2476609.0
2025-06-26T08:00:00+00:00,2489.5,2500.15,2439.5,2449.45,3402917.0
2025-06-26T12:00:00+00:00,2450.15,2458.95,2408.45,2432.55,5478100.0
2025-06-26T16:00:00+00:00,2432.35,2442.55,2417.05,2435.05,2819278.0
2025-06-26T20:00:00+00:00,2434.05,2456.95,2393.3,2415.45,1561004.0
2025-06-27T00:00:00+00:00,2414.45,2448.35,2379.75,2446.25,1870047.0
2025-06-27T04:00:00+00:00,2446.35,2459.15,2433.8,2441.7,2662028.0
2025-06-27T08:00:00+00:00,2441.6,2464.05,2434.5,2446.9,2959022.0
2025-06-27T12:00:00+00:00,2446.8,2456.7,2413.05,2438.0,5167568.0
2025-06-27T16:00:00+00:00,2438.15,2448.95,2387.4,2412.0,5380285.0
2025-06-27T20:00:00+00:00,2412.15,2429.2,2410.7,2422.25,895139.0
2025-06-28T00:00:00+00:00,2422.4,2423.6,2405.55,2420.25,919780.0
2025-06-28T04:00:00+00:00,2420.25,2433.4,2417.0,2430.95,1410313.0
2025-06-28T08:00:00+00:00,2431.05,2431.7,2418.8,2426.65,1483480.0
2025-06-28T12:00:00+00:00,2426.9,2442.3,2419.05,2435.6,1401035.0
2025-06-28T16:00:00+00:00,2435.5,2447.55,2430.95,2432.8,2185580.0
2025-06-28T20:00:00+00:00,2432.75,2441.9,2426.5,2435.15,461399.0
2025-06-29T00:00:00+00:00,2435.2,2442.25,2423.5,2427.15,672688.0
2025-06-29T04:00:00+00:00,2427.35,2440.15,2425.7,2440.0,975888.0
2025-06-29T08:00:00+00:00,2440.0,2463.0,2437.5,2461.35,2909642.0
2025-06-29T12:00:00+00:00,2461.35,2462.55,2431.8,2435.8,2628615.0
2025-06-29T16:00:00+00:00,2435.8,2442.5,2428.65,2437.35,1813892.0
2025-06-29T20:00:00+00:00,2437.45,2524.8,2410.15,2499.9,2144683.0
2025-06-30T00:00:00+00:00,2499.65,2523.7,2494.5,2498.85,1924308.0
2025-06-30T04:00:00+00:00,2498.95,2505.0,2455.45,2480.05,3195585.0
2025-06-30T08:00:00+00:00,2480.05,2486.6,2445.8,2457.55,3156358.0
2025-06-30T12:00:00+00:00,2457.55,2488.05,2433.15,2474.05,5986380.0
2025-06-30T16:00:00+00:00,2474.05,2518.0,2461.0,2516.3,5561746.0
2025-06-30T20:00:00+00:00,2515.35,2521.9,2481.65,2484.75,1698250.0
2025-07-01T00:00:00+00:00,2484.75,2500.0,2476.65,2484.65,1408202.0
2025-07-01T04:00:00+00:00,2484.8,2485.2,2444.45,2464.15,2939278.0
2025-07-01T08:00:00+00:00,2464.45,2464.45,2441.55,2448.65,2336868.0
2025-07-01T12:00:00+00:00,2448.65,2456.0,2406.0,2422.9,6351899.0
2025-07-01T16:00:00+00:00,2422.9,2433.75,2400.3,2402.1,3630924.0
2025-07-01T20:00:00+00:00,2401.95,2417.95,2383.7,2404.1,1499824.0
2025-07-02T00:00:00+00:00,2404.2,2431.95,2372.0,2429.65,1886996.0
2025-07-02T04:00:00+00:00,2429.55,2453.85,2424.75,2446.2,2774034.0
2025-07-02T08:00:00+00:00,2446.2,2460.55,2441.0,2445.0,2401069.0
2025-07-02T12:00:00+00:00,2445.05,2502.6,2430.5,2498.25,6317900.0
2025-07-02T16:00:00+00:00,2498.15,2607.9,2494.45,2604.9,9656577.0
2025-07-02T20:00:00+00:00,2604.1,2618.7,2568.75,2570.2,1816359.0
2025-07-03T00:00:00+00:00,2569.85,2586.65,2555.75,2560.65,2101909.0
2025-07-03T04:00:00+00:00,2560.7,2605.4,2558.7,2599.7,3063105.0
2025-07-03T08:00:00+00:00,2599.8,2616.35,2580.2,2596.75,3859160.0
2025-07-03T12:00:00+00:00,2596.75,2635.8,2564.5,2569.7,7453123.0
2025-07-03T16:00:00+00:00,2569.7,2591.6,2564.35,2584.75,2931116.0
2025-07-03T20:00:00+00:00,2585.8,2603.15,2584.7,2590.35,932623.0
2025-07-04T00:00:00+00:00,2590.65,2602.55,2570.9,2577.05,1469520.0
2025-07-04T04:00:00+00:00,2577.25,2584.6,2529.3,2534.3,3591411.0
2025-07-04T08:00:00+00:00,2534.4,2558.45,2526.5,2548.6,3244302.0
2025-07-04T12:00:00+00:00,2548.6,2555.4,2497.3,2499.95,5854469.0
2025-07-04T16:00:00+00:00,2500.0,2503.15,2473.55,2482.1,4439951.0
2025-07-04T20:00:00+00:00,2482.0,2520.4,2480.65,2507.45,1346886.0
2025-07-05T00:00:00+00:00,2507.35,2524.45,2497.35,2517.75,1393282.0
2025-07-05T04:00:00+00:00,2517.9,2529.35,2511.7,2520.95,2116112.0
2025-07-05T08:00:00+00:00,2520.95,2525.3,2508.0,2517.2,2254799.0
2025-07-05T12:00:00+00:00,2517.3,2521.5,2503.8,2507.35,1989997.0
2025-07-05T16:00:00+00:00,2507.45,2513.1,2486.75,2505.0,3448202.0
2025-07-05T20:00:00+00:00,2504.9,2521.75,2497.45,2515.65,970138.0
2025-07-06T00:00:00+00:00,2515.75,2520.4,2508.75,2514.25,730987.0
2025-07-06T04:00:00+00:00,2514.25,2526.6,2508.6,2517.5,1524378.0
2025-07-06T08:00:00+00:00,2517.4,2518.2,2502.6,2515.2,2260727.0
2025-07-06T12:00:00+00:00,2515.3,2569.85,2510.8,2558.15,5347838.0
2025-07-06T16:00:00+00:00,2558.25,2560.55,2523.45,2540.5,3609149.0
2025-07-06T20:00:00+00:00,2540.5,2605.25,2539.3,2569.85,2573117.0
2025-07-07T00:00:00+00:00,2569.7,2590.45,2550.05,2576.9,2178635.0
2025-07-07T04:00:00+00:00,2576.8,2580.35,2559.0,2577.85,2232452.0
2025-07-07T08:00:00+00:00,2577.75,2588.25,2551.5,2562.3,3100144.0
2025-07-07T12:00:00+00:00,2562.3,2568.4,2526.35,2533.15,5955720.0
2025-07-07T16:00:00+00:00,2533.05,2557.1,2511.5,2543.3,5011328.0
2025-07-07T20:00:00+00:00,2542.05,2545.15,2522.45,2541.65,1069165.0
2025-07-08T00:00:00+00:00,2541.85,2554.0,2522.4,2537.4,1362478.0
2025-07-08T04:00:00+00:00,2537.4,2563.2,2531.2,2552.75,2355547.0
2025-07-08T08:00:00+00:00,2552.75,2585.25,2542.4,2574.4,3143728.0
2025-07-08T12:00:00+00:00,2574.4,2600.6,2556.85,2564.1,5612261.0
2025-07-08T16:00:00+00:00,2564.45,2628.35,2559.0,2609.8,6342234.0
2025-07-08T20:00:00+00:00,2609.7,2617.15,2595.9,2614.55,1012289.0
2025-07-09T00:00:00+00:00,2614.45,2626.8,2589.4,2590.9,1684588.0
2025-07-09T04:00:00+00:00,2590.9,2646.8,2590.0,2624.3,3625467.0
2025-07-09T08:00:00+00:00,2624.2,2629.55,2603.05,2625.4,3171878.0
2025-07-09T12:00:00+00:00,2625.85,2674.85,2623.1,2655.7,7398409.0
2025-07-09T16:00:00+00:00,2656.0,2795.4,2651.35,2764.2,7578996.0
2025-07-09T20:00:00+00:00,2763.7,2782.8,2730.5,2768.2,2950579.0
2025-07-10T00:00:00+00:00,2768.3,2797.95,2754.85,2775.15,2677290.0
2025-07-10T04:00:00+00:00,2775.0,2822.7,2765.0,2790.2,3996693.0
2025-07-10T08:00:00+00:00,2790.05,2796.45,2771.75,2777.9,2999211.0
2025-07-10T12:00:00+00:00,2777.9,2794.85,2757.55,2768.85,5257584.0
2025-07-10T16:00:00+00:00,2769.0,2839.9,2768.0,2815.4,7730638.0
2025-07-10T20:00:00+00:00,2815.0,3008.0,2812.25,2951.15,4389994.0
2025-07-11T00:00:00+00:00,2951.25,2974.7,2914.4,2969.05,2966526.0
2025-07-11T04:00:00+00:00,2969.05,3029.0,2945.55,2968.4,6195692.0
2025-07-11T08:00:00+00:00,2968.4,3041.0,2961.0,2983.75,5627921.0
2025-07-11T12:00:00+00:00,2983.85,3009.35,2939.05,2951.1,6345969.0
2025-07-11T16:00:00+00:00,2951.1,3010.0,2936.3,3007.0,5628173.0
2025-07-11T20:00:00+00:00,3006.9,3009.3,2922.45,2957.95,2408805.0
2025-07-12T00:00:00+00:00,2957.55,2970.3,2931.2,2965.15,1310095.0
2025-07-12T04:00:00+00:00,2965.4,2977.65,2940.6,2962.3,2560879.0
2025-07-12T08:00:00+00:00,2962.2,2979.35,2956.65,2963.15,2412286.0
2025-07-12T12:00:00+00:00,2963.15,2967.2,2903.15,2915.35,5723474.0
2025-07-12T16:00:00+00:00,2915.35,2945.4,2909.9,2940.35,3051223.0
2025-07-12T20:00:00+00:00,2940.35,2947.35,2914.2,2942.4,1144206.0
2025-07-13T00:00:00+00:00,2942.5,2960.3,2935.1,2954.1,1298940.0
2025-07-13T04:00:00+00:00,2954.4,2967.25,2948.55,2962.1,1598656.0
2025-07-13T08:00:00+00:00,2962.0,2965.5,2943.5,2963.95,1925496.0
2025-07-13T12:00:00+00:00,2963.95,3019.95,2958.5,2991.6,5428020.0
2025-07-13T16:00:00+00:00,2991.5,3010.65,2961.5,2988.45,3299035.0
2025-07-13T20:00:00+00:00,2988.5,2997.85,2937.05,2971.0,1589495.0
2025-07-14T00:00:00+00:00,2971.0,3052.0,2962.0,3036.8,2774017.0
2025-07-14T04:00:00+00:00,3037.05,3066.0,3016.2,3044.3,4095280.0
2025-07-14T08:00:00+00:00,3044.65,3083.65,3022.8,3051.7,4704690.0
2025-07-14T12:00:00+00:00,3051.6,3068.2,2992.2,3011.6,6110073.0
2025-07-14T16:00:00+00:00,3011.4,3029.5,2982.05,2999.3,3856716.0
2025-07-14T20:00:00+00:00,2999.85,3018.4,2980.55,3012.85,928429.0
2025-07-15T00:00:00+00:00,3012.85,3023.1,2931.55,2951.55,3109435.0
2025-07-15T04:00:00+00:00,2951.45,2994.8,2934.4,2976.9,2724499.0
2025-07-15T08:00:00+00:00,2977.0,2988.95,2958.75,2980.65,2465276.0
2025-07-15T12:00:00+00:00,2980.95,3067.3,2966.3,3039.65,9382598.0
2025-07-15T16:00:00+00:00,3039.65,3098.5,3033.65,3041.85,7492809.0
2025-07-15T20:00:00+00:00,3041.1,3145.15,3030.2,3139.0,1817236.0
2025-07-16T00:00:00+00:00,3138.2,3153.65,3103.35,3115.65,2258138.0
2025-07-16T04:00:00+00:00,3115.65,3174.55,3100.5,3161.25,4055733.0
2025-07-16T08:00:00+00:00,3161.15,3173.2,3143.7,3150.45,2758868.0
2025-07-16T12:00:00+00:00,3150.5,3266.15,3146.85,3244.15,8600664.0
2025-07-16T16:00:00+00:00,3244.0,3383.35,3234.2,3383.35,8685736.0
2025-07-16T20:00:00+00:00,3383.1,3424.0,3343.2,3371.25,3630532.0
2025-07-17T00:00:00+00:00,3371.25,3399.3,3311.85,3331.0,3114682.0
2025-07-17T04:00:00+00:00,3330.55,3470.6,3320.8,3449.0,5263387.0
2025-07-17T08:00:00+00:00,3449.1,3483.25,3426.3,3435.4,4548509.0
2025-07-17T12:00:00+00:00,3435.4,3441.95,3363.85,3421.0,6950489.0
2025-07-17T16:00:00+00:00,3420.7,3454.15,3366.3,3411.6,5809270.0
2025-07-17T20:00:00+00:00,3411.15,3524.35,3371.3,3477.4,3376921.0
2025-07-18T00:00:00+00:00,3477.4,3628.7,3459.0,3597.6,4119282.0
2025-07-18T04:00:00+00:00,3597.5,3675.25,3576.85,3607.8,5445596.0
2025-07-18T08:00:00+00:00,3607.9,3631.9,3585.25,3612.8,4321763.0
2025-07-18T12:00:00+00:00,3612.7,3674.65,3531.3,3565.85,9178477.0
2025-07-18T16:00:00+00:00,3565.75,3625.5,3537.2,3552.0,6014562.0
2025-07-18T20:00:00+00:00,3552.0,3577.55,3477.15,3547.15,3322834.0
2025-07-19T00:00:00+00:00,3547.05,3598.75,3506.45,3592.5,2078134.0
2025-07-19T04:00:00+00:00,3592.4,3608.7,3566.7,3571.2,2561447.0
2025-07-19T08:00:00+00:00,3571.2,3578.7,3537.9,3552.65,3171148.0
2025-07-19T12:00:00+00:00,3552.65,3572.6,3526.4,3552.05,3611344.0
2025-07-19T16:00:00+00:00,3552.05,3583.0,3532.15,3577.9,3371034.0
2025-07-19T20:00:00+00:00,3577.9,3598.65,3538.7,3592.1,1618917.0
2025-07-20T00:00:00+00:00,3592.8,3695.3,3579.0,3658.0,2902371.0
2025-07-20T04:00:00+00:00,3658.0,3689.6,3632.85,3668.05,3665591.0
2025-07-20T08:00:00+00:00,3668.25,3769.8,3668.25,3756.55,5703186.0
2025-07-20T12:00:00+00:00,3756.45,3790.35,3724.7,3786.1,5340006.0
2025-07-20T16:00:00+00:00,3786.15,3824.9,3730.25,3749.15,6099706.0
2025-07-20T20:00:00+00:00,3749.55,3772.55,3681.0,3756.3,2719136.0
2025-07-21T00:00:00+00:00,3756.5,3766.6,3701.0,3757.55,2259471.0
2025-07-21T04:00:00+00:00,3757.7,3812.8,3747.0,3787.8,3297011.0
2025-07-21T08:00:00+00:00,3787.7,3838.9,3756.0,3809.4,4898806.0
2025-07-21T12:00:00+00:00,3809.0,3858.6,3774.55,3809.7,6846351.0
2025-07-21T16:00:00+00:00,3809.7,3816.7,3719.0,3734.9,6947905.0
2025-07-21T20:00:00+00:00,3735.55,3779.4,3718.0,3761.5,1085987.0
2025-07-22T00:00:00+00:00,3762.0,3799.0,3695.15,3731.15,3144654.0
2025-07-22T04:00:00+00:00,3731.15,3734.05,3652.0,3677.35,4607084.0
2025-07-22T08:00:00+00:00,3677.2,3719.9,3618.45,3705.15,5434215.0
2025-07-22T12:00:00+00:00,3705.15,3729.6,3627.0,3718.5,6837708.0
2025-07-22T16:00:00+00:00,3718.5,3750.75,3655.25,3669.4,5662927.0
2025-07-22T20:00:00+00:00,3669.7,3751.7,3661.5,3746.85,1490371.0
2025-07-23T00:00:00+00:00,3746.85,3764.8,3713.45,3728.65,2145501.0
2025-07-23T04:00:00+00:00,3728.65,3738.0,3663.9,3673.05,2929816.0
2025-07-23T08:00:00+00:00,3672.85,3698.85,3640.0,3671.6,3632784.0
2025-07-23T12:00:00+00:00,3671.7,3680.8,3580.45,3644.1,5959986.0
2025-07-23T16:00:00+00:00,3644.3,3644.45,3553.7,3587.85,4655568.0
2025-07-23T20:00:00+00:00,3587.75,3634.25,3527.15,3628.2,1951274.0
2025-07-24T00:00:00+00:00,3628.35,3665.65,3613.0,3641.1,1641955.0
2025-07-24T04:00:00+00:00,3641.0,3658.0,3505.7,3590.7,4905999.0
2025-07-24T08:00:00+00:00,3590.5,3660.85,3579.8,3655.1,4459668.0
2025-07-24T12:00:00+00:00,3655.1,3772.0,3612.4,3731.0,7563764.0
2025-07-24T16:00:00+00:00,3731.15,3754.45,3666.3,3734.05,5078077.0
2025-07-24T20:00:00+00:00,3732.9,3742.7,3694.8,3706.0,1071395.0
2025-07-25T00:00:00+00:00,3707.0,3707.1,3572.75,3594.95,3675844.0
2025-07-25T04:00:00+00:00,3595.05,3667.55,3578.6,3631.25,4281364.0
2025-07-25T08:00:00+00:00,3631.65,3747.1,3628.5,3720.8,5487036.0
2025-07-25T12:00:00+00:00,3720.8,3734.85,3600.35,3632.7,6282589.0
2025-07-25T16:00:00+00:00,3632.65,3659.25,3615.8,3639.8,3503666.0
2025-07-25T20:00:00+00:00,3640.25,3730.0,3638.9,3724.85,1849601.0
2025-07-26T00:00:00+00:00,3724.85,3767.65,3699.15,3738.8,2054124.0
2025-07-26T04:00:00+00:00,3738.5,3756.2,3730.25,3741.8,1941081.0
2025-07-26T08:00:00+00:00,3741.8,3783.2,3729.4,3739.1,3869221.0
2025-07-26T12:00:00+00:00,3739.1,3753.8,3715.0,3735.2,2915403.0
2025-07-26T16:00:00+00:00,3735.3,3756.2,3706.55,3750.0,2414210.0
2025-07-26T20:00:00+00:00,3750.0,3795.0,3733.55,3740.35,1168617.0
2025-07-27T00:00:00+00:00,3740.75,3787.9,3729.85,3773.75,1480948.0
2025-07-27T04:00:00+00:00,3773.75,3791.7,3761.7,3767.3,2029402.0
2025-07-27T08:00:00+00:00,3767.2,3840.65,3750.0,3815.0,4222103.0
2025-07-27T12:00:00+00:00,3815.0,3836.75,3791.8,3818.5,3737269.0
2025-07-27T16:00:00+00:00,3818.5,3868.75,3808.65,3828.05,4928497.0
2025-07-27T20:00:00+00:00,3828.15,3879.0,3815.2,3872.3,1406320.0
2025-07-28T00:00:00+00:00,3872.3,3907.95,3842.45,3879.3,2036952.0
2025-07-28T04:00:00+00:00,3879.2,3941.8,3867.55,3893.0,3746874.0
2025-07-28T08:00:00+00:00,3892.8,3901.1,3859.15,3879.4,2709953.0
2025-07-28T12:00:00+00:00,3879.4,3889.6,3771.5,3806.9,6818418.0
2025-07-28T16:00:00+00:00,3806.9,3821.85,3752.7,3796.75,4530189.0
2025-07-28T20:00:00+00:00,3797.0,3803.3,3764.6,3796.7,1111934.0
2025-07-29T00:00:00+00:00,3796.7,3821.2,3728.85,3791.2,2393486.0
2025-07-29T04:00:00+00:00,3791.3,3880.0,3774.6,3877.35,3284403.0
2025-07-29T08:00:00+00:00,3877.4,3886.25,3811.2,3825.1,3909219.0
2025-07-29T12:00:00+00:00,3825.1,3874.45,3746.15,3760.0,6109446.0
2025-07-29T16:00:00+00:00,3760.25,3795.8,3714.95,3764.5,5279276.0
2025-07-29T20:00:00+00:00,3764.5,3800.65,3740.7,3792.4,1576704.0
2025-07-30T00:00:00+00:00,3792.3,3827.7,3754.6,3816.45,1838889.0
2025-07-30T04:00:00+00:00,3816.35,3833.55,3785.85,3809.95,2724105.0
2025-07-30T08:00:00+00:00,3809.85,3825.35,3742.8,3757.3,4328630.0
2025-07-30T12:00:00+00:00,3757.1,3832.0,3748.3,3796.5,5147609.0
2025-07-30T16:00:00+00:00,3796.6,3821.75,3675.55,3759.4,6867340.0
2025-07-30T20:00:00+00:00,3759.4,3811.35,3741.3,3809.35,1763599.0
2025-07-31T00:00:00+00:00,3809.5,3867.8,3800.5,3862.8,2087546.0
2025-07-31T04:00:00+00:00,3862.7,3878.35,3854.0,3862.85,1858452.0
2025-07-31T08:00:00+00:00,3862.9,3872.65,3825.6,3837.55,2625270.0
2025-07-31T12:00:00+00:00,3837.8,3844.7,3760.75,3787.0,6247925.0
2025-07-31T16:00:00+00:00,3786.75,3817.8,3733.55,3737.0,5810491.0
2025-07-31T20:00:00+00:00,3736.8,3757.65,3683.0,3697.25,2440223.0
2025-08-01T00:00:00+00:00,3697.25,3723.75,3614.75,3704.25,3731030.0
2025-08-01T04:00:00+00:00,3704.15,3704.15,3622.75,3649.2,3632550.0
2025-08-01T08:00:00+00:00,3648.45,3648.45,3584.0,3641.8,4320574.0
2025-08-01T12:00:00+00:00,3641.7,3675.05,3563.25,3615.25,8290277.0
2025-08-01T16:00:00+00:00,3615.0,3633.5,3514.55,3518.0,7018255.0
2025-08-01T20:00:00+00:00,3518.3,3551.9,3430.2,3487.15,3753108.0
2025-08-02T00:00:00+00:00,3486.85,3531.35,3477.45,3527.9,1780372.0
2025-08-02T04:00:00+00:00,3527.95,3536.7,3454.3,3518.2,4433633.0
2025-08-02T08:00:00+00:00,3518.55,3523.8,3472.55,3507.7,4546944.0
2025-08-02T12:00:00+00:00,3507.55,3517.15,3450.25,3458.15,5091989.0
2025-08-02T16:00:00+00:00,3458.15,3480.55,3371.9,3382.15,7789409.0
2025-08-02T20:00:00+00:00,3382.0,3442.3,3367.25,3393.15,2042265.0
2025-08-03T00:00:00+00:00,3393.45,3451.15,3353.95,3442.6,2174267.0
2025-08-03T04:00:00+00:00,3442.6,3458.8,3432.45,3454.85,2535228.0
2025-08-03T08:00:00+00:00,3454.95,3514.9,3452.65,3484.05,3934205.0
2025-08-03T12:00:00+00:00,3484.05,3503.45,3454.1,3475.4,4698931.0
2025-08-03T16:00:00+00:00,3475.4,3514.2,3466.5,3496.05,3120244.0
2025-08-03T20:00:00+00:00,3496.05,3521.45,3482.2,3495.0,1115112.0
2025-08-04T00:00:00+00:00,3495.65,3575.6,3489.8,3555.75,2715275.0
2025-08-04T04:00:00+00:00,3555.65,3564.9,3519.9,3551.1,3041411.0
2025-08-04T08:00:00+00:00,3551.45,3574.4,3540.6,3555.0,2730580.0
2025-08-04T12:00:00+00:00,3555.65,3664.65,3550.0,3647.35,6848274.0
2025-08-04T16:00:00+00:00,3647.35,3717.55,3647.25,3668.2,5939504.0
2025-08-04T20:00:00+00:00,3668.95,3735.75,3660.0,3720.2,1803963.0
2025-08-05T00:00:00+00:00,3720.05,3720.75,3647.4,3651.05,2214759.0
2025-08-05T04:00:00+00:00,3651.0,3679.0,3600.15,3612.55,4418431.0
2025-08-05T08:00:00+00:00,3612.35,3693.0,3607.3,3673.35,4708574.0
2025-08-05T12:00:00+00:00,3673.25,3679.45,3555.6,3569.15,8867566.0
2025-08-05T16:00:00+00:00,3569.0,3611.85,3558.5,3571.1,5311123.0
2025-08-05T20:00:00+00:00,3570.95,3623.35,3544.35,3610.85,1690675.0
2025-08-06T00:00:00+00:00,3610.85,3613.25,3563.05,3582.7,2008616.0
2025-08-06T04:00:00+00:00,3582.5,3662.0,3568.6,3639.05,4548170.0
2025-08-06T08:00:00+00:00,3638.35,3644.6,3608.7,3618.85,3418497.0
2025-08-06T12:00:00+00:00,3618.85,3669.05,3573.55,3663.45,6736485.0
2025-08-06T16:00:00+00:00,3663.35,3698.2,3637.45,3682.9,4507262.0
2025-08-06T20:00:00+00:00,3682.65,3685.2,3652.7,3681.9,968902.0
2025-08-07T00:00:00+00:00,3681.65,3717.15,3646.5,3655.75,2197767.0
2025-08-07T04:00:00+00:00,3655.55,3710.6,3654.15,3701.75,2758741.0
2025-08-07T08:00:00+00:00,3701.95,3842.05,3701.55,3826.4,5257990.0
2025-08-07T12:00:00+00:00,3827.0,3865.45,3803.45,3835.95,5615706.0
2025-08-07T16:00:00+00:00,3835.85,3875.75,3779.45,3867.1,5311400.0
2025-08-07T20:00:00+00:00,3866.3,3927.2,3850.0,3909.15,1612073.0
2025-08-08T00:00:00+00:00,3909.05,3969.25,3878.25,3938.8,2947311.0
2025-08-08T04:00:00+00:00,3938.55,3939.2,3893.65,3915.6,2694863.0
2025-08-08T08:00:00+00:00,3915.6,3927.7,3883.8,3917.1,3043600.0
2025-08-08T12:00:00+00:00,3917.05,4011.95,3891.0,3953.8,7718242.0
2025-08-08T16:00:00+00:00,3953.8,4066.55,3950.0,4060.55,6744635.0
2025-08-08T20:00:00+00:00,4060.8,4071.05,4006.45,4009.9,1321219.0
2025-08-09T00:00:00+00:00,4009.9,4051.45,4006.0,4050.1,1619915.0
2025-08-09T04:00:00+00:00,4050.2,4218.45,4044.05,4170.5,6321470.0
2025-08-09T08:00:00+00:00,4170.6,4247.35,4165.7,4190.25,4831714.0
2025-08-09T12:00:00+00:00,4190.15,4226.35,4153.65,4208.5,5300777.0
2025-08-09T16:00:00+00:00,4208.4,4271.45,4192.45,4257.55,4313988.0
2025-08-09T20:00:00+00:00,4257.45,4326.15,4240.8,4260.0,2129666.0
2025-08-10T00:00:00+00:00,4260.8,4332.9,4206.6,4242.0,3147117.0
2025-08-10T04:00:00+00:00,4241.9,4263.65,4176.0,4185.25,4052354.0
2025-08-10T08:00:00+00:00,4185.25,4232.9,4161.85,4180.0,4538431.0
2025-08-10T12:00:00+00:00,4180.0,4235.9,4160.85,4217.0,4224022.0
2025-08-10T16:00:00+00:00,4216.65,4258.6,4213.55,4248.6,2753431.0
2025-08-10T20:00:00+00:00,4248.0,4253.75,4185.45,4249.55,1525820.0
2025-08-11T00:00:00+00:00,4249.65,4344.0,4237.15,4308.15,3036812.0
2025-08-11T04:00:00+00:00,4309.5,4350.25,4266.4,4273.55,3076506.0
2025-08-11T08:00:00+00:00,4273.45,4285.2,4170.2,4184.4,4558226.0
2025-08-11T12:00:00+00:00,4184.4,4332.4,4165.3,4329.8,7506926.0
2025-08-11T16:00:00+00:00,4329.8,4368.0,4232.8,4258.45,6018463.0
2025-08-11T20:00:00+00:00,4257.95,4257.95,4188.0,4222.2,1396003.0
2025-08-12T00:00:00+00:00,4222.0,4310.45,4217.65,4285.1,2200373.0
2025-08-12T04:00:00+00:00,4285.0,4321.2,4266.85,4315.15,2882298.0
2025-08-12T08:00:00+00:00,4315.05,4332.65,4256.85,4290.3,3363182.0
2025-08-12T12:00:00+00:00,4290.2,4480.4,4277.2,4471.8,9093134.0
2025-08-12T16:00:00+00:00,4471.8,4518.85,4439.3,4515.65,5465681.0
2025-08-12T20:00:00+00:00,4516.4,4640.5,4503.0,4590.2,2735531.0
2025-08-13T00:00:00+00:00,4589.0,4656.45,4563.65,4646.35,3199152.0
2025-08-13T04:00:00+00:00,4646.35,4683.0,4606.85,4625.25,3673224.0
2025-08-13T08:00:00+00:00,4625.25,4716.8,4607.85,4690.35,4318058.0
2025-08-13T12:00:00+00:00,4690.2,4737.6,4615.95,4665.4,7930454.0
2025-08-13T16:00:00+00:00,4665.75,4752.5,4661.7,4740.35,6089359.0
2025-08-13T20:00:00+00:00,4739.7,4784.5,4697.5,4749.35,1823223.0
2025-08-14T00:00:00+00:00,4749.35,4782.6,4706.8,4775.8,1993138.0
2025-08-14T04:00:00+00:00,4775.8,4795.0,4717.8,4749.05,3826249.0
2025-08-14T08:00:00+00:00,4749.85,4767.7,4674.0,4719.85,3462243.0
2025-08-14T12:00:00+00:00,4719.95,4737.85,4371.6,4619.1,5638965.0
2025-08-14T16:00:00+00:00,4618.9,4623.9,4479.9,4537.05,5428455.0
2025-08-14T20:00:00+00:00,4536.95,4571.6,4451.85,4546.15,1941101.0
2025-08-15T00:00:00+00:00,4546.25,4648.95,4536.25,4633.5,2229273.0
2025-08-15T04:00:00+00:00,4633.5,4661.8,4604.7,4640.35,3200638.0
2025-08-15T08:00:00+00:00,4640.45,4666.6,4611.55,4633.3,2775557.0
2025-08-15T12:00:00+00:00,4633.4,4668.45,4393.65,4429.65,8413299.0
2025-08-15T16:00:00+00:00,4429.35,4459.15,4372.0,4381.9,6792968.0
2025-08-15T20:00:00+00:00,4382.2,4489.55,4365.7,4438.1,2112405.0
2025-08-16T00:00:00+00:00,4438.0,4489.0,4424.0,4431.8,1788531.0
2025-08-16T04:00:00+00:00,4431.9,4463.2,4407.6,4450.2,2862055.0
2025-08-16T08:00:00+00:00,4450.35,4458.3,4371.1,4386.8,3855403.0
2025-08-16T12:00:00+00:00,4386.9,4427.6,4374.05,4398.95,3839692.0
2025-08-16T16:00:00+00:00,4398.95,4440.75,4388.9,4417.2,2494713.0
2025-08-16T20:00:00+00:00,4417.2,4437.15,4401.45,4420.85,898979.0
2025-08-17T00:00:00+00:00,4421.05,4457.65,4393.35,4451.25,1519387.0
2025-08-17T04:00:00+00:00,4451.25,4489.7,4442.85,4465.9,3272008.0
2025-08-17T08:00:00+00:00,4465.9,4575.0,4457.55,4550.55,4521652.0
2025-08-17T12:00:00+00:00,4550.55,4564.65,4518.3,4560.55,3151901.0
2025-08-17T16:00:00+00:00,4560.45,4565.55,4424.4,4458.8,5004473.0
2025-08-17T20:00:00+00:00,4458.05,4533.1,4455.4,4471.6,1302940.0
2025-08-18T00:00:00+00:00,4470.55,4480.95,4278.95,4319.4,3936254.0
2025-08-18T04:00:00+00:00,4319.0,4346.9,4229.4,4255.85,4233845.0
2025-08-18T08:00:00+00:00,4256.7,4320.0,4224.8,4273.85,4904181.0
2025-08-18T12:00:00+00:00,4272.7,4368.95,4270.0,4344.15,7511502.0
2025-08-18T16:00:00+00:00,4344.65,4384.0,4298.8,4353.75,5572307.0
2025-08-18T20:00:00+00:00,4354.2,4386.95,4303.75,4312.9,1434013.0
2025-08-19T00:00:00+00:00,4312.65,4354.4,4211.75,4218.3,3235484.0
2025-08-19T04:00:00+00:00,4218.3,4249.8,4193.1,4233.4,3699478.0
2025-08-19T08:00:00+00:00,4233.5,4316.6,4217.55,4308.2,4135968.0
2025-08-19T12:00:00+00:00,4308.25,4340.0,4168.3,4190.95,8646375.0
2025-08-19T16:00:00+00:00,4191.2,4206.05,4113.5,4141.9,6768908.0
2025-08-19T20:00:00+00:00,4142.05,4164.5,4065.9,4074.7,1691083.0
2025-08-20T00:00:00+00:00,4074.55,4156.85,4061.4,4139.85,2687180.0
2025-08-20T04:00:00+00:00,4139.85,4210.7,4138.1,4184.55,3263282.0
2025-08-20T08:00:00+00:00,4184.55,4240.5,4148.9,4194.25,4930698.0
2025-08-20T12:00:00+00:00,4194.25,4307.4,4105.4,4254.3,9500293.0
2025-08-20T16:00:00+00:00,4254.2,4363.9,4253.65,4344.6,7710211.0
2025-08-20T20:00:00+00:00,4344.9,4376.75,4319.85,4335.3,1376147.0
2025-08-21T00:00:00+00:00,4335.3,4339.3,4276.8,4294.0,2388580.0
2025-08-21T04:00:00+00:00,4294.3,4320.6,4270.0,4309.9,3060986.0
2025-08-21T08:00:00+00:00,4310.0,4314.45,4255.2,4277.85,3855557.0
2025-08-21T12:00:00+00:00,4277.9,4327.35,4225.1,4241.8,7267143.0
2025-08-21T16:00:00+00:00,4242.0,4274.0,4207.4,4223.7,5161891.0
2025-08-21T20:00:00+00:00,4222.8,4260.6,4203.15,4224.45,1521993.0
2025-08-22T00:00:00+00:00,4224.2,4314.35,4221.0,4277.9,2612208.0
2025-08-22T04:00:00+00:00,4277.55,4344.85,4271.05,4326.9,4035420.0
2025-08-22T08:00:00+00:00,4326.9,4353.0,4271.85,4273.5,4263549.0
2025-08-22T12:00:00+00:00,4273.65,4658.0,4206.85,4614.9,10085601.0
2025-08-22T16:00:00+00:00,4614.95,4859.0,4614.9,4833.0,8919924.0
2025-08-22T20:00:00+00:00,4833.1,4889.3,4797.3,4831.0,2330927.0
2025-08-23T00:00:00+00:00,4831.0,4831.1,4662.8,4695.35,3494750.0
2025-08-23T04:00:00+00:00,4695.35,4764.35,4694.5,4713.85,4344250.0
2025-08-23T08:00:00+00:00,4714.05,4745.9,4690.15,4704.25,3363919.0
2025-08-23T12:00:00+00:00,4704.95,4768.7,4692.35,4750.05,4813550.0
2025-08-23T16:00:00+00:00,4750.05,4761.5,4727.15,4757.8,2327761.0
2025-08-23T20:00:00+00:00,4757.25,4798.05,4736.8,4778.2,1015906.0
2025-08-24T00:00:00+00:00,4778.2,4817.55,4752.8,4788.7,2369722.0
2025-08-24T04:00:00+00:00,4788.7,4800.55,4756.3,4758.75,2390927.0
2025-08-24T08:00:00+00:00,4758.75,4786.35,4719.0,4746.9,3847724.0
2025-08-24T12:00:00+00:00,4746.6,4829.95,4737.55,4797.3,4158957.0
2025-08-24T16:00:00+00:00,4797.2,4956.8,4742.75,4812.8,8187223.0
2025-08-24T20:00:00+00:00,4812.3,4823.3,4705.0,4779.0,2788386.0
2025-08-25T00:00:00+00:00,4779.35,4797.5,4668.95,4726.45,2592239.0
2025-08-25T04:00:00+00:00,4726.35,4738.7,4581.6,4590.45,4358118.0
2025-08-25T08:00:00+00:00,4590.5,4614.55,4518.85,4599.3,5239011.0
2025-08-25T12:00:00+00:00,4598.95,4683.8,4584.1,4611.15,6978534.0
2025-08-25T16:00:00+00:00,4611.55,4643.95,4414.55,4419.25,6353101.0
2025-08-25T20:00:00+00:00,4419.7,4445.1,4332.2,4375.1,3478802.0
2025-08-26T00:00:00+00:00,4375.05,4450.45,4310.4,4401.4,3641336.0
2025-08-26T04:00:00+00:00,4401.7,4453.0,4392.8,4428.0,3652516.0
2025-08-26T08:00:00+00:00,4428.0,4465.5,4403.85,4426.2,3388405.0
2025-08-26T12:00:00+00:00,4426.4,4577.3,4404.2,4517.05,8754688.0
2025-08-26T16:00:00+00:00,4517.15,4596.5,4496.55,4594.75,5129240.0
2025-08-26T20:00:00+00:00,4594.2,4632.5,4560.85,4599.45,1899989.0
2025-08-27T00:00:00+00:00,4599.45,4625.9,4539.0,4602.05,2348742.0
2025-08-27T04:00:00+00:00,4602.05,4644.0,4559.7,4579.45,3934938.0
2025-08-27T08:00:00+00:00,4579.55,4619.35,4554.1,4607.25,3890877.0
2025-08-27T12:00:00+00:00,4607.35,4663.45,4573.5,4656.2,5839995.0
2025-08-27T16:00:00+00:00,4656.45,4656.75,4533.25,4564.1,4227636.0
2025-08-27T20:00:00+00:00,4564.0,4613.0,4480.5,4505.85,2408567.0
2025-08-28T00:00:00+00:00,4506.05,4546.85,4466.0,4540.25,1935948.0
2025-08-28T04:00:00+00:00,4540.25,4599.5,4532.95,4596.05,2553992.0
2025-08-28T08:00:00+00:00,4595.8,4633.8,4580.8,4593.7,2727674.0
2025-08-28T12:00:00+00:00,4593.3,4613.95,4483.25,4503.0,6676222.0
2025-08-28T16:00:00+00:00,4503.0,4529.75,4434.35,4437.0,5036668.0
2025-08-28T20:00:00+00:00,4437.0,4514.65,4425.8,4510.05,1201865.0
2025-08-29T00:00:00+00:00,4510.05,4515.65,4433.4,4488.4,1891971.0
2025-08-29T04:00:00+00:00,4488.4,4496.6,4366.15,4379.95,3708293.0
2025-08-29T08:00:00+00:00,4379.85,4397.25,4317.05,4345.35,4379819.0
2025-08-29T12:00:00+00:00,4345.55,4454.15,4265.7,4314.8,9091013.0
2025-08-29T16:00:00+00:00,4314.8,4366.2,4294.55,4339.6,5204959.0
2025-08-29T20:00:00+00:00,4340.1,4379.35,4304.65,4359.45,1658516.0
2025-08-30T00:00:00+00:00,4359.55,4382.7,4255.85,4351.7,2867376.0
2025-08-30T04:00:00+00:00,4351.7,4413.65,4345.85,4400.6,3713388.0
2025-08-30T08:00:00+00:00,4400.7,4406.95,4377.15,4390.85,2828400.0
2025-08-30T12:00:00+00:00,4391.6,4392.35,4330.3,4374.65,5101973.0
2025-08-30T16:00:00+00:00,4374.55,4374.65,4333.55,4353.15,2662985.0
2025-08-30T20:00:00+00:00,4353.25,4377.1,4333.0,4372.9,979485.0
2025-08-31T00:00:00+00:00,4372.8,4487.0,4371.15,4486.55,3016106.0
2025-08-31T04:00:00+00:00,4486.55,4490.25,4431.85,4449.65,2668241.0
2025-08-31T08:00:00+00:00,4449.85,4482.45,4438.85,4475.35,3650267.0
2025-08-31T12:00:00+00:00,4475.35,4497.4,4448.85,4483.4,4025328.0
2025-08-31T16:00:00+00:00,4483.3,4489.9,4452.9,4454.15,2542066.0
2025-08-31T20:00:00+00:00,4454.15,4476.6,4376.95,4390.4,1754593.0
2025-09-01T00:00:00+00:00,4390.25,4430.7,4358.8,4402.25,2843750.0
2025-09-01T04:00:00+00:00,4402.15,4462.65,4357.7,4462.5,3766970.0
2025-09-01T08:00:00+00:00,4462.05,4490.9,4380.95,4391.5,4942470.0
2025-09-01T12:00:00+00:00,4391.7,4422.3,4343.45,4360.6,5220889.0
2025-09-01T16:00:00+00:00,4360.15,4370.7,4308.4,4366.7,5075395.0
2025-09-01T20:00:00+00:00,4367.0,4367.5,4208.65,4314.2,2856965.0
2025-09-02T00:00:00+00:00,4313.95,4394.0,4289.85,4366.0,2684731.0
2025-09-02T04:00:00+00:00,4366.2,4415.65,4359.6,4376.25,2841041.0
2025-09-02T08:00:00+00:00,4376.5,4407.15,4340.2,4346.9,3162142.0
2025-09-02T12:00:00+00:00,4346.4,4396.35,4269.7,4294.0,10238156.0
2025-09-02T16:00:00+00:00,4293.55,4330.35,4255.4,4273.3,6177002.0
2025-09-02T20:00:00+00:00,4273.3,4336.55,4264.9,4325.4,1567125.0
2025-09-03T00:00:00+00:00,4325.1,4354.5,4281.8,4333.5,2208724.0
2025-09-03T04:00:00+00:00,4333.5,4341.85,4286.75,4308.85,2447849.0
2025-09-03T08:00:00+00:00,4308.75,4384.85,4301.3,4370.4,3727994.0
2025-09-03T12:00:00+00:00,4371.0,4485.0,4340.45,4477.8,7471046.0
2025-09-03T16:00:00+00:00,4477.6,4489.05,4453.25,4472.75,3529338.0
2025-09-03T20:00:00+00:00,4474.2,4480.85,4436.7,4449.15,1047583.0
2025-09-04T00:00:00+00:00,4447.35,4481.9,4387.7,4397.05,2705192.0
2025-09-04T04:00:00+00:00,4397.15,4414.0,4354.2,4369.65,2781295.0
2025-09-04T08:00:00+00:00,4369.75,4432.6,4363.25,4405.25,3869187.0
2025-09-04T12:00:00+00:00,4405.75,4427.8,4293.0,4303.55,7106301.0
2025-09-04T16:00:00+00:00,4303.45,4321.95,4263.95,4274.65,5140760.0
2025-09-04T20:00:00+00:00,4275.15,4351.0,4271.25,4297.0,1555953.0
2025-09-05T00:00:00+00:00,4297.0,4334.35,4288.7,4327.15,1916883.0
2025-09-05T04:00:00+00:00,4327.65,4427.65,4314.65,4415.85,3782515.0
2025-09-05T08:00:00+00:00,4415.95,4425.75,4372.2,4416.35,3791469.0
2025-09-05T12:00:00+00:00,4416.35,4495.0,4253.7,4281.35,11213894.0
2025-09-05T16:00:00+00:00,4281.25,4330.4,4270.55,4330.0,3976887.0
2025-09-05T20:00:00+00:00,4329.8,4341.85,4285.55,4305.9,1404815.0
2025-09-06T00:00:00+00:00,4306.55,4327.9,4301.5,4319.3,1108060.0
2025-09-06T04:00:00+00:00,4319.3,4319.3,4289.05,4311.2,2268997.0
2025-09-06T08:00:00+00:00,4311.2,4314.55,4285.1,4299.0,1858239.0
2025-09-06T12:00:00+00:00,4298.9,4307.9,4261.05,4268.6,2781344.0
2025-09-06T16:00:00+00:00,4268.5,4303.95,4235.1,4254.75,4446633.0
2025-09-06T20:00:00+00:00,4254.85,4287.5,4252.7,4272.5,711090.0
2025-09-07T00:00:00+00:00,4272.95,4303.45,4269.6,4296.0,1007677.0
2025-09-07T04:00:00+00:00,4295.95,4307.05,4277.5,4293.8,1611615.0
2025-09-07T08:00:00+00:00,4293.9,4314.75,4290.55,4309.6,1980308.0
2025-09-07T12:00:00+00:00,4309.7,4310.25,4287.35,4298.1,1844991.0
2025-09-07T16:00:00+00:00,4298.1,4300.6,4268.2,4292.25,2226684.0
2025-09-07T20:00:00+00:00,4292.15,4336.95,4279.65,4304.95,1201681.0
2025-09-08T00:00:00+00:00,4304.75,4330.3,4277.0,4310.95,1826530.0
2025-09-08T04:00:00+00:00,4310.9,4313.1,4285.7,4290.75,1604611.0
2025-09-08T08:00:00+00:00,4290.75,4337.8,4286.6,4311.0,2921809.0
2025-09-08T12:00:00+00:00,4311.35,4383.65,4304.1,4370.65,6023418.0
2025-09-08T16:00:00+00:00,4370.65,4372.8,4282.85,4292.0,4373194.0
2025-09-08T20:00:00+00:00,4292.55,4331.6,4281.1,4304.9,858624.0
2025-09-09T00:00:00+00:00,4304.8,4314.85,4275.65,4305.8,1504059.0
2025-09-09T04:00:00+00:00,4305.8,4381.7,4300.85,4361.35,3438844.0
2025-09-09T08:00:00+00:00,4361.1,4366.8,4340.9,4346.65,1970254.0
2025-09-09T12:00:00+00:00,4346.65,4367.3,4275.75,4283.55,6331284.0
2025-09-09T16:00:00+00:00,4283.55,4298.85,4276.8,4293.8,2329162.0
2025-09-09T20:00:00+00:00,4293.6,4319.1,4279.9,4309.1,975919.0
2025-09-10T00:00:00+00:00,4309.35,4325.6,4283.85,4319.65,1636411.0
2025-09-10T04:00:00+00:00,4319.65,4332.9,4293.5,4328.5,2060310.0
2025-09-10T08:00:00+00:00,4328.6,4334.15,4307.7,4330.5,1723927.0
2025-09-10T12:00:00+00:00,4330.5,4453.35,4328.75,4403.8,7800378.0
2025-09-10T16:00:00+00:00,4404.3,4408.25,4298.0,4321.2,5820172.0
2025-09-10T20:00:00+00:00,4321.2,4355.4,4319.15,4348.0,968748.0
2025-09-11T00:00:00+00:00,4348.0,4407.8,4337.55,4402.85,1918728.0
2025-09-11T04:00:00+00:00,4402.85,4450.85,4394.5,4439.85,2952489.0
2025-09-11T08:00:00+00:00,4439.95,4442.6,4405.55,4428.9,2593627.0
2025-09-11T12:00:00+00:00,4429.25,4484.1,4344.65,4410.85,8275702.0
2025-09-11T16:00:00+00:00,4411.25,4441.0,4405.85,4421.9,3030176.0
2025-09-11T20:00:00+00:00,4422.7,4468.65,4414.0,4457.8,915767.0
2025-09-12T00:00:00+00:00,4458.1,4538.75,4449.2,4504.6,3228101.0
2025-09-12T04:00:00+00:00,4504.6,4563.0,4498.65,4525.25,2978634.0
2025-09-12T08:00:00+00:00,4525.55,4535.7,4504.0,4520.3,2413405.0
2025-09-12T12:00:00+00:00,4520.45,4570.95,4502.75,4541.05,5003510.0
2025-09-12T16:00:00+00:00,4540.85,4659.4,4532.6,4657.2,6334834.0
2025-09-12T20:00:00+00:00,4656.9,4750.1,4629.25,4711.8,3075817.0
2025-09-13T00:00:00+00:00,4712.0,4769.0,4691.15,4755.8,2443907.0
2025-09-13T04:00:00+00:00,4755.8,4756.1,4700.15,4710.55,3030288.0
2025-09-13T08:00:00+00:00,4710.55,4738.35,4707.75,4718.75,2207939.0
2025-09-13T12:00:00+00:00,4719.0,4730.2,4642.6,4652.3,4675703.0
2025-09-13T16:00:00+00:00,4652.3,4666.0,4604.05,4636.6,4762266.0
2025-09-13T20:00:00+00:00,4636.8,4671.75,4635.75,4665.5,1021104.0
2025-09-14T00:00:00+00:00,4665.6,4691.8,4649.6,4662.0,1596709.0
2025-09-14T04:00:00+00:00,4661.9,4680.65,4631.35,4649.7,2474817.0
2025-09-14T08:00:00+00:00,4649.7,4673.6,4624.95,4633.85,2202227.0
2025-09-14T12:00:00+00:00,4633.85,4643.95,4575.65,4581.3,4647676.0
2025-09-14T16:00:00+00:00,4581.1,4628.8,4578.4,4614.95,3033636.0
2025-09-14T20:00:00+00:00,4614.6,4636.0,4597.25,4603.0,891552.0
2025-09-15T00:00:00+00:00,4602.9,4642.85,4578.9,4635.35,1954365.0
2025-09-15T04:00:00+00:00,4635.45,4668.85,4586.35,4595.8,3402633.0
2025-09-15T08:00:00+00:00,4595.85,4595.85,4496.45,4529.2,4589006.0
2025-09-15T12:00:00+00:00,4529.2,4541.05,4463.65,4498.3,5147884.0
2025-09-15T16:00:00+00:00,4498.3,4513.3,4473.4,4493.2,3361732.0
2025-09-15T20:00:00+00:00,4491.6,4528.95,4486.95,4522.5,798634.0
2025-09-16T00:00:00+00:00,4522.5,4536.9,4503.5,4519.7,1202920.0
2025-09-16T04:00:00+00:00,4519.85,4535.95,4485.95,4511.6,2667551.0
2025-09-16T08:00:00+00:00,4511.95,4530.95,4491.7,4500.2,1729756.0
2025-09-16T12:00:00+00:00,4500.65,4511.65,4422.9,4466.55,5755149.0
2025-09-16T16:00:00+00:00,4466.55,4509.65,4445.3,4489.9,4635984.0
2025-09-16T20:00:00+00:00,4489.8,4524.15,4481.85,4500.25,1078699.0
2025-09-17T00:00:00+00:00,4500.35,4552.45,4491.45,4496.15,1988637.0
2025-09-17T04:00:00+00:00,4496.05,4554.95,4462.1,4543.3,3662118.0
2025-09-17T08:00:00+00:00,4543.55,4544.95,4477.65,4490.05,2975983.0
2025-09-17T12:00:00+00:00,4490.3,4512.85,4465.85,4488.5,3685184.0
2025-09-17T16:00:00+00:00,4488.5,4533.15,4408.2,4516.75,8003761.0
2025-09-17T20:00:00+00:00,4515.8,4616.25,4485.1,4589.2,2123084.0
2025-09-18T00:00:00+00:00,4589.75,4643.55,4578.65,4613.0,2166916.0
2025-09-18T04:00:00+00:00,4613.5,4618.95,4552.75,4574.0,2719113.0
2025-09-18T08:00:00+00:00,4574.0,4607.3,4566.8,4574.85,2476935.0
2025-09-18T12:00:00+00:00,4574.9,4624.0,4557.05,4598.0,4494512.0
2025-09-18T16:00:00+00:00,4598.1,4635.8,4580.35,4586.85,3288036.0
2025-09-18T20:00:00+00:00,4587.7,4604.85,4569.15,4586.1,641278.0
2025-09-19T00:00:00+00:00,4586.2,4620.45,4540.85,4548.35,1739468.0
2025-09-19T04:00:00+00:00,4547.95,4558.0,4516.45,4537.55,2594006.0
2025-09-19T08:00:00+00:00,4537.0,4547.75,4506.35,4512.35,2052965.0
2025-09-19T12:00:00+00:00,4512.45,4542.95,4443.2,4473.1,5245829.0
2025-09-19T16:00:00+00:00,4473.45,4487.7,4433.95,4439.7,3499103.0
2025-09-19T20:00:00+00:00,4439.7,4477.25,4437.25,4467.4,813944.0
2025-09-20T00:00:00+00:00,4467.4,4474.9,4452.45,4464.45,710047.0
2025-09-20T04:00:00+00:00,4464.5,4483.4,4461.85,4481.65,1304999.0
2025-09-20T08:00:00+00:00,4481.55,4481.55,4454.65,4468.9,1444806.0
2025-09-20T12:00:00+00:00,4468.9,4506.4,4462.3,4497.3,2343509.0
2025-09-20T16:00:00+00:00,4496.85,4507.7,4468.15,4478.7,2053292.0
2025-09-20T20:00:00+00:00,4478.7,4500.45,4476.65,4479.1,407565.0
2025-09-21T00:00:00+00:00,4479.2,4488.6,4455.4,4477.05,763500.0
2025-09-21T04:00:00+00:00,4477.05,4491.9,4465.35,4476.8,1053829.0
2025-09-21T08:00:00+00:00,4476.8,4478.65,4441.0,4459.1,1755486.0
2025-09-21T12:00:00+00:00,4459.2,4485.85,4458.85,4481.55,1384673.0
2025-09-21T16:00:00+00:00,4481.85,4497.95,4462.85,4493.3,1884068.0
2025-09-21T20:00:00+00:00,4493.15,4493.85,4440.9,4444.15,705872.0
2025-09-22T00:00:00+00:00,4443.55,4454.95,4258.5,4304.55,3716707.0
2025-09-22T04:00:00+00:00,4304.55,4309.7,4043.85,4192.25,4939820.0
2025-09-22T08:00:00+00:00,4192.35,4206.7,4135.8,4180.0,2805187.0
2025-09-22T12:00:00+00:00,4180.0,4218.3,4157.15,4166.7,3573729.0
2025-09-22T16:00:00+00:00,4166.6,4182.05,4121.9,4133.45,3215944.0
2025-09-22T20:00:00+00:00,4134.05,4207.2,4133.4,4197.65,1005150.0
2025-09-23T00:00:00+00:00,4197.25,4210.85,4113.25,4187.25,2624263.0
2025-09-23T04:00:00+00:00,4187.35,4214.4,4153.45,4204.0,2413681.0
2025-09-23T08:00:00+00:00,4204.1,4227.15,4176.25,4190.55,2337591.0
2025-09-23T12:00:00+00:00,4190.35,4210.45,4160.65,4179.65,3626262.0
2025-09-23T16:00:00+00:00,4179.65,4206.85,4136.1,4152.6,4469737.0
2025-09-23T20:00:00+00:00,4151.95,4190.35,4138.1,4162.8,802223.0
2025-09-24T00:00:00+00:00,4163.0,4194.0,4127.8,4146.15,1515348.0
2025-09-24T04:00:00+00:00,4146.2,4183.6,4071.55,4174.0,3165569.0
2025-09-24T08:00:00+00:00,4174.3,4196.6,4162.75,4180.75,1585055.0
2025-09-24T12:00:00+00:00,4180.25,4205.85,4145.45,4164.7,3441523.0
2025-09-24T16:00:00+00:00,4164.8,4192.85,4153.0,4159.75,2313428.0
2025-09-24T20:00:00+00:00,4159.85,4170.45,4128.7,4151.4,724315.0
2025-09-25T00:00:00+00:00,4151.4,4159.8,4020.3,4060.7,3808359.0
2025-09-25T04:00:00+00:00,4060.65,4069.8,3964.0,4007.7,3787324.0
2025-09-25T08:00:00+00:00,4007.5,4052.5,3990.35,4001.8,2680835.0
2025-09-25T12:00:00+00:00,4000.65,4022.3,3921.0,4001.85,5496191.0
2025-09-25T16:00:00+00:00,4001.85,4005.75,3822.5,3911.2,9776452.0
2025-09-25T20:00:00+00:00,3911.95,3936.8,3848.75,3873.9,2492122.0
2025-09-26T00:00:00+00:00,3873.9,3970.8,3866.85,3964.7,2171185.0
2025-09-26T04:00:00+00:00,3964.7,3976.2,3905.8,3937.45,3950825.0
2025-09-26T08:00:00+00:00,3937.45,3944.1,3871.75,3904.6,3733769.0
2025-09-26T12:00:00+00:00,3904.6,3984.7,3874.15,3945.25,6715576.0
2025-09-26T16:00:00+00:00,3944.9,4067.05,3941.6,4022.25,6892939.0
2025-09-26T20:00:00+00:00,4022.9,4038.85,4003.4,4031.05,969228.0
2025-09-27T00:00:00+00:00,4030.85,4032.0,4004.35,4018.1,984495.0
2025-09-27T04:00:00+00:00,4018.1,4027.25,4004.9,4006.85,1291039.0
2025-09-27T08:00:00+00:00,4006.75,4017.8,3972.2,4001.75,3115915.0
2025-09-27T12:00:00+00:00,4002.0,4039.5,3993.5,4018.1,2864367.0
2025-09-27T16:00:00+00:00,4018.35,4019.15,3980.4,4001.55,2080862.0
2025-09-27T20:00:00+00:00,4001.55,4032.8,3999.5,4017.55,726094.0
2025-09-28T00:00:00+00:00,4017.9,4031.4,3992.8,4001.65,833095.0
2025-09-28T04:00:00+00:00,4001.45,4019.35,3995.15,4013.8,1217520.0
2025-09-28T08:00:00+00:00,4013.8,4015.6,3983.35,3991.5,1717264.0
2025-09-28T12:00:00+00:00,3991.65,4028.75,3964.3,4020.25,3129557.0
2025-09-28T16:00:00+00:00,4020.8,4054.2,4020.7,4038.2,2426865.0
2025-09-28T20:00:00+00:00,4038.3,4143.45,4034.55,4140.4,1672550.0
2025-09-29T00:00:00+00:00,4140.4,4144.5,4102.1,4120.55,1497277.0
2025-09-29T04:00:00+00:00,4120.45,4122.85,4087.05,4107.7,1676571.0
2025-09-29T08:00:00+00:00,4107.5,4138.85,4092.7,4101.65,2575740.0
2025-09-29T12:00:00+00:00,4101.75,4203.3,4080.8,4163.4,6126757.0
2025-09-29T16:00:00+00:00,4163.5,4192.65,4126.3,4186.75,3448613.0
2025-09-29T20:00:00+00:00,4185.7,4235.15,4180.3,4213.85,1285097.0
2025-09-30T00:00:00+00:00,4213.75,4244.1,4186.25,4197.05,1862545.0
2025-09-30T04:00:00+00:00,4197.05,4207.05,4168.1,4181.65,2142534.0
2025-09-30T08:00:00+00:00,4181.25,4182.85,4132.8,4163.55,3420261.0
2025-09-30T12:00:00+00:00,4163.45,4174.85,4093.3,4118.9,5752424.0
2025-09-30T16:00:00+00:00,4118.85,4170.45,4091.7,4159.65,4073971.0
2025-09-30T20:00:00+00:00,4159.55,4200.75,4114.75,4143.75,2095089.0
2025-10-01T00:00:00+00:00,4144.0,4173.35,4121.95,4127.6,1695038.0
2025-10-01T04:00:00+00:00,4127.7,4156.15,4122.1,4144.85,1804007.0
2025-10-01T08:00:00+00:00,4144.6,4329.9,4142.0,4296.75,5573021.0
2025-10-01T12:00:00+00:00,4296.75,4343.55,4278.0,4325.85,5088078.0
2025-10-01T16:00:00+00:00,4326.25,4338.85,4287.45,4333.05,3864065.0
2025-10-01T20:00:00+00:00,4333.15,4354.95,4285.9,4347.0,1269117.0
2025-10-02T00:00:00+00:00,4346.75,4398.35,4330.95,4375.8,2779135.0
2025-10-02T04:00:00+00:00,4375.9,4423.1,4358.85,4374.45,3362061.0
2025-10-02T08:00:00+00:00,4374.55,4395.3,4367.4,4378.05,2144154.0
2025-10-02T12:00:00+00:00,4378.05,4442.6,4335.6,4436.4,6784493.0
2025-10-02T16:00:00+00:00,4436.3,4517.2,4425.0,4494.0,5878207.0
2025-10-02T20:00:00+00:00,4494.35,4496.1,4456.0,4482.65,1089043.0
2025-10-03T00:00:00+00:00,4482.2,4560.0,4459.65,4499.9,2241575.0
2025-10-03T04:00:00+00:00,4499.85,4509.75,4452.55,4461.75,2456179.0
2025-10-03T08:00:00+00:00,4461.75,4493.95,4426.85,4477.0,3574095.0
2025-10-03T12:00:00+00:00,4477.2,4541.6,4435.25,4534.05,6011601.0
2025-10-03T16:00:00+00:00,4534.25,4591.5,4449.3,4518.75,8009699.0
2025-10-03T20:00:00+00:00,4518.9,4542.2,4492.2,4512.0,1346095.0
2025-10-04T00:00:00+00:00,4512.15,4516.45,4462.85,4485.4,1550054.0
2025-10-04T04:00:00+00:00,4485.4,4516.8,4477.85,4497.15,2136310.0
2025-10-04T08:00:00+00:00,4497.05,4503.45,4479.15,4483.35,2030130.0
2025-10-04T12:00:00+00:00,4483.35,4510.85,4440.0,4453.45,3930955.0
2025-10-04T16:00:00+00:00,4454.0,4475.95,4439.05,4466.2,2994440.0
2025-10-04T20:00:00+00:00,4466.5,4493.35,4466.5,4486.0,889070.0
2025-10-05T00:00:00+00:00,4485.7,4574.9,4465.9,4531.5,3075323.0
2025-10-05T04:00:00+00:00,4531.1,4614.9,4528.0,4605.8,4089889.0
2025-10-05T08:00:00+00:00,4605.8,4618.95,4522.5,4550.05,4686034.0
2025-10-05T12:00:00+00:00,4549.95,4550.05,4525.9,4531.6,2831902.0
2025-10-05T16:00:00+00:00,4531.5,4540.5,4480.95,4486.25,4336547.0
2025-10-05T20:00:00+00:00,4486.25,4522.65,4472.9,4513.55,937839.0
2025-10-06T00:00:00+00:00,4513.2,4552.7,4487.0,4535.9,2070340.0
2025-10-06T04:00:00+00:00,4535.8,4577.45,4508.5,4532.0,3081645.0
2025-10-06T08:00:00+00:00,4532.25,4593.35,4532.15,4570.5,2756844.0
2025-10-06T12:00:00+00:00,4570.5,4693.9,4568.85,4672.1,7164793.0
2025-10-06T16:00:00+00:00,4672.2,4733.15,4658.45,4721.75,4814573.0
2025-10-06T20:00:00+00:00,4721.75,4735.8,4671.5,4683.4,1497477.0
2025-10-07T00:00:00+00:00,4683.3,4698.95,4662.2,4689.6,1379718.0
2025-10-07T04:00:00+00:00,4689.6,4731.2,4663.0,4677.8,3432705.0
2025-10-07T08:00:00+00:00,4677.7,4712.35,4638.0,4707.3,3409581.0
2025-10-07T12:00:00+00:00,4707.4,4755.0,4475.6,4511.1,10093049.0
2025-10-07T16:00:00+00:00,4511.2,4523.1,4445.95,4477.85,6859943.0
2025-10-07T20:00:00+00:00,4478.55,4515.65,4428.25,4446.95,1307207.0
2025-10-08T00:00:00+00:00,4445.95,4497.7,4432.0,4442.65,2126240.0
2025-10-08T04:00:00+00:00,4442.65,4462.9,4410.1,4461.9,1921215.0
2025-10-08T08:00:00+00:00,4462.0,4505.85,4456.55,4486.05,2938985.0
2025-10-08T12:00:00+00:00,4486.05,4522.6,4435.6,4446.05,6761014.0
2025-10-08T16:00:00+00:00,4446.0,4557.65,4437.4,4513.8,6354183.0
2025-10-08T20:00:00+00:00,4514.2,4537.85,4498.3,4524.65,844699.0
2025-10-09T00:00:00+00:00,4524.65,4530.0,4400.85,4449.65,2811500.0
2025-10-09T04:00:00+00:00,4449.75,4459.3,4408.9,4425.35,2050253.0
2025-10-09T08:00:00+00:00,4425.25,4426.0,4320.0,4371.8,4368126.0
2025-10-09T12:00:00+00:00,4371.8,4412.25,4290.9,4313.85,6810832.0
2025-10-09T16:00:00+00:00,4313.9,4344.4,4262.7,4337.3,5464303.0
2025-10-09T20:00:00+00:00,4337.3,4381.9,4326.15,4366.75,1088804.0
2025-10-10T00:00:00+00:00,4367.0,4392.9,4342.15,4345.85,2088058.0
2025-10-10T04:00:00+00:00,4345.85,4376.9,4313.35,4321.9,3083174.0
2025-10-10T08:00:00+00:00,4322.0,4350.2,4311.5,4341.75,2642353.0
2025-10-10T12:00:00+00:00,4342.3,4389.1,4069.25,4101.35,9809146.0
2025-10-10T16:00:00+00:00,4101.25,4136.6,3949.35,3995.15,8348552.0
2025-10-10T20:00:00+00:00,3995.7,4023.0,3405.8,3820.8,8928206.0
2025-10-11T00:00:00+00:00,3820.8,3875.0,3725.6,3790.3,6308502.0
2025-10-11T04:00:00+00:00,3790.4,3831.05,3732.0,3758.1,5859367.0
2025-10-11T08:00:00+00:00,3758.0,3856.65,3747.25,3839.5,6376450.0
2025-10-11T12:00:00+00:00,3838.75,3854.25,3785.0,3823.3,5593683.0
2025-10-11T16:00:00+00:00,3823.3,3846.8,3757.95,3757.95,3713140.0
2025-10-11T20:00:00+00:00,3762.2,3764.9,3641.05,3745.0,3922470.0
2025-10-12T00:00:00+00:00,3746.6,3818.65,3694.05,3780.8,3403992.0
2025-10-12T04:00:00+00:00,3780.8,3843.0,3774.8,3826.0,3558505.0
2025-10-12T08:00:00+00:00,3826.1,3865.55,3803.85,3818.95,3923193.0
2025-10-12T12:00:00+00:00,3818.8,4078.85,3792.4,4033.25,9521512.0
2025-10-12T16:00:00+00:00,4033.15,4170.75,4033.15,4134.0,7738798.0
2025-10-12T20:00:00+00:00,4133.9,4196.3,4080.0,4150.8,2636905.0
2025-10-13T00:00:00+00:00,4150.8,4219.6,4122.35,4139.5,2309294.0
2025-10-13T04:00:00+00:00,4139.5,4197.45,4114.5,4177.2,2946048.0
2025-10-13T08:00:00+00:00,4176.75,4194.75,4042.65,4079.25,4406900.0
2025-10-13T12:00:00+00:00,4079.15,4180.5,4055.0,4134.3,8085254.0
2025-10-13T16:00:00+00:00,4134.3,4270.55,4127.7,4250.35,6695143.0
2025-10-13T20:00:00+00:00,4250.4,4291.75,4234.8,4240.45,1167192.0
2025-10-14T00:00:00+00:00,4241.65,4262.9,4136.0,4152.05,2877683.0
2025-10-14T04:00:00+00:00,4152.05,4159.3,3965.05,3980.0,6611859.0
2025-10-14T08:00:00+00:00,3980.1,4014.3,3887.2,3970.85,6765588.0
2025-10-14T12:00:00+00:00,3970.9,4087.85,3894.05,4083.95,9081092.0
2025-10-14T16:00:00+00:00,4084.0,4164.1,4046.8,4101.05,10029494.0
2025-10-14T20:00:00+00:00,4101.95,4143.6,4072.0,4123.95,1222359.0
2025-10-15T00:00:00+00:00,4122.9,4144.85,4060.0,4080.4,2639270.0
2025-10-15T04:00:00+00:00,4080.4,4128.4,4071.0,4120.9,3110603.0
2025-10-15T08:00:00+00:00,4120.8,4215.6,4085.7,4099.35,5630428.0
2025-10-15T12:00:00+00:00,4099.2,4106.75,3958.3,3980.05,10065461.0
2025-10-15T16:00:00+00:00,3980.45,4012.45,3927.5,3980.1,5959029.0
2025-10-15T20:00:00+00:00,3981.8,3995.6,3925.6,3984.55,1658015.0
2025-10-16T00:00:00+00:00,3984.45,4035.4,3974.45,4013.7,1719332.0
2025-10-16T04:00:00+00:00,4013.8,4049.3,3977.7,4003.4,4359905.0
2025-10-16T08:00:00+00:00,4003.6,4078.25,3938.1,4061.6,5624057.0
2025-10-16T12:00:00+00:00,4061.4,4084.15,3890.5,3905.85,8534550.0
2025-10-16T16:00:00+00:00,3905.75,3966.9,3850.75,3866.6,8811248.0
2025-10-16T20:00:00+00:00,3866.55,3896.95,3824.25,3892.85,1700393.0
2025-10-17T00:00:00+00:00,3892.55,3948.9,3887.65,3931.75,1948134.0
2025-10-17T04:00:00+00:00,3932.15,3935.55,3751.65,3755.5,5854523.0
2025-10-17T08:00:00+00:00,3755.7,3816.7,3673.1,3777.1,8039377.0
2025-10-17T12:00:00+00:00,3777.0,3810.45,3713.45,3796.85,7920424.0
2025-10-17T16:00:00+00:00,3797.55,3849.75,3777.75,3826.6,6738204.0
2025-10-17T20:00:00+00:00,3827.15,3882.4,3817.55,3830.7,1743184.0
2025-10-18T00:00:00+00:00,3830.7,3880.7,3818.25,3869.7,2175306.0
2025-10-18T04:00:00+00:00,3869.05,3926.8,3840.0,3891.3,4210855.0
2025-10-18T08:00:00+00:00,3891.3,3904.45,3860.9,3881.6,3188969.0
2025-10-18T12:00:00+00:00,3881.6,3893.15,3848.5,3876.7,3449708.0
2025-10-18T16:00:00+00:00,3876.7,3898.55,3852.7,3892.5,2856711.0
2025-10-18T20:00:00+00:00,3892.45,3908.45,3868.05,3887.4,1076300.0
2025-10-19T00:00:00+00:00,3887.45,3906.35,3854.45,3905.55,1499625.0
2025-10-19T04:00:00+00:00,3905.55,3920.3,3872.25,3887.55,2850805.0
2025-10-19T08:00:00+00:00,3887.55,3958.8,3827.45,3922.95,6091128.0
2025-10-19T12:00:00+00:00,3923.05,4001.9,3907.3,3978.35,4438433.0
2025-10-19T16:00:00+00:00,3978.3,4027.45,3957.8,3985.45,3800975.0
2025-10-19T20:00:00+00:00,3985.45,4030.05,3968.95,3981.45,1300885.0
2025-10-20T00:00:00+00:00,3981.15,4038.6,3907.75,4026.65,3128708.0
2025-10-20T04:00:00+00:00,4026.65,4083.85,4022.2,4054.25,3581390.0
2025-10-20T08:00:00+00:00,4054.25,4070.6,4011.3,4033.65,3543436.0
2025-10-20T12:00:00+00:00,4033.7,4049.55,4002.15,4003.5,3839057.0
2025-10-20T16:00:00+00:00,4003.6,4003.6,3921.05,3980.05,5806425.0
2025-10-20T20:00:00+00:00,3979.6,4002.65,3969.7,3978.35,957491.0
2025-10-21T00:00:00+00:00,3978.35,3985.55,3918.35,3922.3,1785458.0
2025-10-21T04:00:00+00:00,3922.15,3922.25,3839.0,3891.45,4864411.0
2025-10-21T08:00:00+00:00,3891.25,3896.8,3850.95,3889.05,4268835.0
2025-10-21T12:00:00+00:00,3889.4,4084.65,3851.0,4081.2,11195180.0
2025-10-21T16:00:00+00:00,4080.6,4109.25,3963.65,3994.6,9029468.0
2025-10-21T20:00:00+00:00,3994.75,4000.15,3856.55,3871.95,2681253.0
2025-10-22T00:00:00+00:00,3870.2,3888.1,3819.2,3859.05,2764344.0
2025-10-22T04:00:00+00:00,3858.85,3883.75,3837.8,3867.6,4455123.0
2025-10-22T08:00:00+00:00,3867.7,3868.3,3774.1,3827.85,5547169.0
2025-10-22T12:00:00+00:00,3827.7,3876.35,3779.2,3840.45,7501333.0
2025-10-22T16:00:00+00:00,3839.9,3860.4,3782.2,3803.35,5318224.0
2025-10-22T20:00:00+00:00,3803.25,3816.4,3710.45,3804.45,2123006.0
2025-10-23T00:00:00+00:00,3805.0,3835.0,3795.6,3825.9,1240395.0
2025-10-23T04:00:00+00:00,3825.9,3896.7,3821.35,3880.6,3248679.0
2025-10-23T08:00:00+00:00,3880.7,3904.7,3858.9,3862.6,3631933.0
2025-10-23T12:00:00+00:00,3862.1,3886.15,3807.8,3875.7,7475626.0
2025-10-23T16:00:00+00:00,3875.6,3934.1,3843.8,3858.4,5783433.0
2025-10-23T20:00:00+00:00,3858.5,3859.55,3817.4,3856.05,1114649.0
2025-10-24T00:00:00+00:00,3856.15,3895.0,3844.8,3890.15,1441211.0
2025-10-24T04:00:00+00:00,3890.25,3988.4,3884.8,3948.45,4184920.0
2025-10-24T08:00:00+00:00,3948.35,3968.25,3926.9,3945.8,3400601.0
2025-10-24T12:00:00+00:00,3945.9,4022.5,3870.95,3887.9,7981940.0
2025-10-24T16:00:00+00:00,3887.9,3937.3,3865.0,3925.5,6020420.0
2025-10-24T20:00:00+00:00,3925.5,3944.85,3922.65,3933.9,754151.0
2025-10-25T00:00:00+00:00,3933.9,3938.65,3911.25,3920.15,1085046.0
2025-10-25T04:00:00+00:00,3920.15,3957.1,3919.1,3928.1,2096631.0
2025-10-25T08:00:00+00:00,3928.1,3955.75,3926.75,3939.4,2334449.0
2025-10-25T12:00:00+00:00,3939.2,3955.55,3923.7,3932.3,2192267.0
2025-10-25T16:00:00+00:00,3932.3,3969.25,3927.3,3956.8,1879912.0
2025-10-25T20:00:00+00:00,3956.8,3964.3,3936.85,3952.95,574369.0
2025-10-26T00:00:00+00:00,3952.8,3960.8,3918.45,3930.7,1120388.0
2025-10-26T04:00:00+00:00,3930.65,3955.75,3927.75,3950.55,1302956.0
2025-10-26T08:00:00+00:00,3950.45,4054.1,3949.6,4043.95,4663133.0
2025-10-26T12:00:00+00:00,4043.95,4098.55,4039.55,4074.3,5305677.0
2025-10-26T16:00:00+00:00,4074.2,4080.4,4045.0,4067.45,2360218.0
2025-10-26T20:00:00+00:00,4067.35,4179.5,4054.0,4157.45,1985818.0
2025-10-27T00:00:00+00:00,4157.4,4225.55,4147.6,4204.0,2381357.0
2025-10-27T04:00:00+00:00,4204.0,4253.0,4193.55,4200.75,3823106.0
2025-10-27T08:00:00+00:00,4200.75,4201.15,4131.6,4161.3,3855691.0
2025-10-27T12:00:00+00:00,4161.1,4187.25,4123.6,4172.1,6323533.0
2025-10-27T16:00:00+00:00,4172.1,4232.5,4172.0,4192.9,5171358.0
2025-10-27T20:00:00+00:00,4192.9,4194.95,4094.25,4119.25,2243809.0
2025-10-28T00:00:00+00:00,4119.25,4140.6,4067.7,4093.25,2544691.0
2025-10-28T04:00:00+00:00,4093.25,4126.75,4065.3,4116.15,3098270.0
2025-10-28T08:00:00+00:00,4117.2,4135.35,4103.45,4110.9,2431460.0
2025-10-28T12:00:00+00:00,4110.9,4174.85,4071.05,4096.15,7851782.0
2025-10-28T16:00:00+00:00,4096.25,4150.8,4025.15,4038.35,5554609.0
2025-10-28T20:00:00+00:00,4037.75,4040.85,3929.7,3978.3,2474448.0
2025-10-29T00:00:00+00:00,3978.3,4006.8,3963.0,3996.85,1463562.0
2025-10-29T04:00:00+00:00,3996.75,4035.8,3995.1,4023.7,2095939.0
2025-10-29T08:00:00+00:00,4023.85,4025.7,3982.75,4010.0,2928124.0
2025-10-29T12:00:00+00:00,4010.0,4028.8,3940.45,3951.05,5561749.0
2025-10-29T16:00:00+00:00,3951.05,4018.0,3840.0,3903.95,9569775.0
2025-10-29T20:00:00+00:00,3904.75,3962.8,3872.2,3901.2,1577901.0
2025-10-30T00:00:00+00:00,3901.8,3947.8,3884.15,3933.55,1330768.0
2025-10-30T04:00:00+00:00,3933.1,3943.8,3838.2,3938.9,4568826.0
2025-10-30T08:00:00+00:00,3938.9,3939.25,3876.2,3880.25,3466944.0
2025-10-30T12:00:00+00:00,3880.35,3883.75,3756.0,3772.45,8091760.0
2025-10-30T16:00:00+00:00,3772.45,3800.95,3678.5,3688.85,7555952.0
2025-10-30T20:00:00+00:00,3687.2,3805.8,3679.0,3802.4,2086314.0
2025-10-31T00:00:00+00:00,3803.7,3860.15,3794.8,3828.3,2817147.0
2025-10-31T04:00:00+00:00,3828.3,3872.8,3820.15,3830.25,4326168.0
2025-10-31T08:00:00+00:00,3830.15,3881.25,3817.2,3873.0,4159162.0
2025-10-31T12:00:00+00:00,3872.9,3886.95,3830.35,3859.45,7097008.0
2025-10-31T16:00:00+00:00,3859.4,3905.65,3804.15,3885.6,7263823.0
2025-10-31T20:00:00+00:00,3884.7,3892.7,3839.45,3847.15,1354734.0
2025-11-01T00:00:00+00:00,3847.15,3863.95,3830.2,3860.8,1299220.0
2025-11-01T04:00:00+00:00,3861.0,3868.45,3851.95,3860.0,1818764.0
2025-11-01T08:00:00+00:00,3860.05,3882.3,3859.55,3876.9,2112433.0
2025-11-01T12:00:00+00:00,3877.0,3902.2,3857.25,3893.85,3779680.0
2025-11-01T16:00:00+00:00,3893.85,3907.65,3861.75,3879.05,3156468.0
2025-11-01T20:00:00+00:00,3879.05,3890.65,3862.9,3872.95,780344.0
2025-11-02T00:00:00+00:00,3872.85,3886.65,3860.75,3880.05,807156.0
2025-11-02T04:00:00+00:00,3880.05,3917.55,3875.0,3905.4,2650965.0
2025-11-02T08:00:00+00:00,3905.3,3910.15,3852.45,3889.65,3934458.0
2025-11-02T12:00:00+00:00,3889.65,3893.8,3838.05,3852.45,4220518.0
2025-11-02T16:00:00+00:00,3852.35,3866.3,3838.85,3855.2,2324938.0
2025-11-02T20:00:00+00:00,3855.1,3915.7,3843.15,3905.5,1218178.0
2025-11-03T00:00:00+00:00,3905.5,3914.05,3726.85,3735.25,4712498.0
2025-11-03T04:00:00+00:00,3735.5,3764.5,3682.5,3713.85,4866217.0
2025-11-03T08:00:00+00:00,3713.75,3740.0,3662.3,3710.8,4203609.0
2025-11-03T12:00:00+00:00,3711.35,3748.0,3580.95,3588.15,7401538.0
2025-11-03T16:00:00+00:00,3588.25,3681.4,3563.25,3630.4,7400179.0
2025-11-03T20:00:00+00:00,3631.0,3635.75,3556.9,3603.1,2568958.0
2025-11-04T00:00:00+00:00,3602.95,3654.1,3566.65,3641.7,2434447.0
2025-11-04T04:00:00+00:00,3641.8,3647.3,3472.8,3493.5,6866194.0
2025-11-04T08:00:00+00:00,3493.5,3533.3,3460.65,3528.45,4503871.0
2025-11-04T12:00:00+00:00,3528.55,3579.75,3472.05,3506.0,5177644.0
2025-11-04T16:00:00+00:00,3506.75,3519.7,3225.6,3230.6,15367634.0
2025-11-04T20:00:00+00:00,3230.5,3305.75,3057.0,3285.2,7423729.0
2025-11-05T00:00:00+00:00,3286.0,3348.25,3166.1,3334.05,5745420.0
2025-11-05T04:00:00+00:00,3334.15,3353.55,3302.85,3329.7,5010216.0
2025-11-05T08:00:00+00:00,3329.7,3329.7,3273.85,3322.05,6253755.0
2025-11-05T12:00:00+00:00,3321.7,3398.4,3311.9,3396.95,8211276.0
2025-11-05T16:00:00+00:00,3397.2,3479.0,3369.4,3454.05,7930120.0
2025-11-05T20:00:00+00:00,3453.95,3479.6,3414.5,3424.25,1850756.0
2025-11-06T00:00:00+00:00,3423.0,3450.1,3374.3,3432.05,2916047.0
2025-11-06T04:00:00+00:00,3432.35,3455.5,3362.35,3379.5,4296793.0
2025-11-06T08:00:00+00:00,3379.3,3414.65,3365.95,3398.65,3723785.0
2025-11-06T12:00:00+00:00,3398.45,3404.65,3278.05,3300.75,9541984.0
2025-11-06T16:00:00+00:00,3300.65,3352.1,3245.5,3324.9,9409587.0
2025-11-06T20:00:00+00:00,3325.15,3336.15,3286.75,3314.4,1723879.0
2025-11-07T00:00:00+00:00,3314.4,3364.7,3273.65,3344.3,2451908.0
2025-11-07T04:00:00+00:00,3344.7,3369.4,3318.75,3357.2,3339953.0
2025-11-07T08:00:00+00:00,3357.05,3360.0,3224.75,3259.0,6227669.0
2025-11-07T12:00:00+00:00,3259.15,3317.7,3193.6,3296.6,10237299.0
2025-11-07T16:00:00+00:00,3296.7,3449.45,3273.15,3442.55,8617854.0
2025-11-07T20:00:00+00:00,3442.35,3472.55,3429.0,3435.1,1745794.0
2025-11-08T00:00:00+00:00,3435.0,3466.45,3407.05,3453.25,1966035.0
2025-11-08T04:00:00+00:00,3453.5,3488.15,3418.3,3447.05,4245534.0
2025-11-08T08:00:00+00:00,3447.15,3468.8,3405.7,3412.15,4013997.0
2025-11-08T12:00:00+00:00,3412.2,3417.45,3369.4,3376.3,5631949.0
2025-11-08T16:00:00+00:00,3376.3,3406.85,3354.9,3388.35,5576705.0
2025-11-08T20:00:00+00:00,3388.3,3414.65,3379.1,3400.7,1103137.0
2025-11-09T00:00:00+00:00,3401.05,3403.7,3357.5,3375.45,1876107.0
2025-11-09T04:00:00+00:00,3375.55,3424.3,3369.25,3421.8,3255147.0
2025-11-09T08:00:00+00:00,3421.8,3434.5,3381.1,3427.7,4781785.0
2025-11-09T12:00:00+00:00,3427.7,3563.95,3423.85,3514.3,7413342.0
2025-11-09T16:00:00+00:00,3514.5,3579.0,3500.7,3578.6,4451730.0
2025-11-09T20:00:00+00:00,3579.3,3623.25,3560.95,3582.1,2145360.0
2025-11-10T00:00:00+00:00,3581.5,3658.75,3551.7,3626.9,3165802.0
2025-11-10T04:00:00+00:00,3627.2,3631.3,3588.5,3608.2,3128917.0
2025-11-10T08:00:00+00:00,3608.8,3630.95,3585.9,3609.6,3365618.0
2025-11-10T12:00:00+00:00,3609.6,3621.5,3507.5,3518.65,7919293.0
2025-11-10T16:00:00+00:00,3519.05,3575.5,3506.5,3557.6,5748482.0
2025-11-10T20:00:00+00:00,3557.6,3583.45,3528.0,3566.95,1733338.0
2025-11-11T00:00:00+00:00,3567.15,3648.25,3552.05,3605.0,3544455.0
2025-11-11T04:00:00+00:00,3604.9,3609.2,3529.55,3543.5,3589681.0
2025-11-11T08:00:00+00:00,3543.65,3586.0,3542.15,3573.15,3762433.0
2025-11-11T12:00:00+00:00,3573.15,3592.6,3466.9,3480.25,8535005.0
2025-11-11T16:00:00+00:00,3480.25,3499.8,3444.5,3456.3,5944594.0
2025-11-11T20:00:00+00:00,3455.9,3461.05,3404.3,3416.9,1839161.0
2025-11-12T00:00:00+00:00,3417.6,3455.3,3409.0,3438.25,1803983.0
2025-11-12T04:00:00+00:00,3438.15,3456.25,3422.85,3427.35,2398554.0
2025-11-12T08:00:00+00:00,3427.5,3569.1,3427.4,3549.0,6384976.0
2025-11-12T12:00:00+00:00,3547.9,3588.0,3417.6,3426.95,9040890.0
2025-11-12T16:00:00+00:00,3427.55,3454.75,3370.55,3407.2,8768424.0
2025-11-12T20:00:00+00:00,3407.0,3439.55,3391.1,3414.15,1510784.0
2025-11-13T00:00:00+00:00,3414.15,3472.95,3376.1,3452.05,2938395.0
2025-11-13T04:00:00+00:00,3451.95,3565.6,3432.75,3537.9,5038298.0
2025-11-13T08:00:00+00:00,3537.85,3549.75,3476.9,3500.7,4261996.0
2025-11-13T12:00:00+00:00,3500.6,3510.6,3365.65,3386.25,10470606.0
2025-11-13T16:00:00+00:00,3386.15,3398.15,3174.85,3197.0,13785853.0
2025-11-13T20:00:00+00:00,3196.75,3271.3,3153.5,3230.8,3229284.0
2025-11-14T00:00:00+00:00,3230.7,3250.65,3185.0,3227.15,3144989.0
2025-11-14T04:00:00+00:00,3227.1,3240.0,3105.55,3214.55,8309275.0
2025-11-14T08:00:00+00:00,3214.6,3218.35,3115.25,3143.6,6295653.0
2025-11-14T12:00:00+00:00,3143.4,3233.65,3068.75,3196.3,14635715.0
2025-11-14T16:00:00+00:00,3196.4,3256.6,3153.75,3207.05,9414737.0
2025-11-14T20:00:00+00:00,3208.3,3212.7,3088.6,3111.9,3334138.0
2025-11-15T00:00:00+00:00,3112.4,3193.45,3109.9,3178.55,2416553.0
2025-11-15T04:00:00+00:00,3178.55,3191.5,3158.25,3175.55,3343360.0
2025-11-15T08:00:00+00:00,3175.55,3177.25,3133.75,3151.9,4556752.0
2025-11-15T12:00:00+00:00,3151.9,3196.45,3146.6,3185.15,4169935.0
2025-11-15T16:00:00+00:00,3185.15,3231.0,3162.9,3197.35,5160528.0
2025-11-15T20:00:00+00:00,3197.6,3200.05,3151.9,3167.15,1352659.0
2025-11-16T00:00:00+00:00,3167.25,3210.2,3130.6,3202.15,2655000.0
2025-11-16T04:00:00+00:00,3202.25,3220.4,3186.3,3218.9,1939732.0
2025-11-16T08:00:00+00:00,3219.15,3249.1,3158.9,3167.85,5866286.0
2025-11-16T12:00:00+00:00,3167.65,3181.9,3097.1,3104.1,6509156.0
2025-11-16T16:00:00+00:00,3104.2,3127.9,3025.6,3090.8,10725878.0
2025-11-16T20:00:00+00:00,3090.7,3116.1,3001.65,3095.0,2274562.0
2025-11-17T00:00:00+00:00,3094.45,3180.0,3068.5,3176.0,3046093.0
2025-11-17T04:00:00+00:00,3176.35,3207.55,3165.9,3197.8,3540142.0
2025-11-17T08:00:00+00:00,3197.85,3222.35,3178.8,3203.15,3824119.0
2025-11-17T12:00:00+00:00,3202.8,3210.9,3094.0,3120.0,12705411.0
2025-11-17T16:00:00+00:00,3120.15,3142.5,2971.35,2981.5,12644615.0
2025-11-17T20:00:00+00:00,2981.6,3031.5,2958.7,3030.75,2869647.0
2025-11-18T00:00:00+00:00,3031.0,3049.65,2943.85,3023.6,4316643.0
2025-11-18T04:00:00+00:00,3023.6,3034.0,2957.2,3023.4,4910901.0
2025-11-18T08:00:00+00:00,3023.95,3073.8,3023.85,3056.7,5269960.0
2025-11-18T12:00:00+00:00,3057.1,3123.7,3020.95,3105.7,11102066.0
2025-11-18T16:00:00+00:00,3105.7,3169.8,3098.45,3145.2,7977010.0
2025-11-18T20:00:00+00:00,3145.5,3150.0,3096.5,3122.8,1475456.0
2025-11-19T00:00:00+00:00,3122.9,3125.35,3069.0,3072.7,2985576.0
2025-11-19T04:00:00+00:00,3072.35,3087.0,2990.7,3084.45,6017407.0
2025-11-19T08:00:00+00:00,3084.35,3112.1,3054.1,3083.0,5829049.0
2025-11-19T12:00:00+00:00,3083.15,3108.15,2966.3,2972.2,11074269.0
2025-11-19T16:00:00+00:00,2971.1,2986.05,2873.55,2881.3,12314981.0
2025-11-19T20:00:00+00:00,2881.45,3027.15,2874.3,3024.5,3727460.0
2025-11-20T00:00:00+00:00,3024.75,3057.5,3004.0,3038.85,3096041.0
2025-11-20T04:00:00+00:00,3038.5,3063.2,3006.3,3038.65,5353561.0
2025-11-20T08:00:00+00:00,3038.65,3044.35,2993.3,3022.7,5284705.0
2025-11-20T12:00:00+00:00,3023.0,3048.95,2951.55,2955.05,11525141.0
2025-11-20T16:00:00+00:00,2955.05,2960.75,2788.9,2847.0,15632694.0
2025-11-20T20:00:00+00:00,2846.85,2905.0,2818.75,2833.85,2754902.0
2025-11-21T00:00:00+00:00,2833.5,2886.45,2769.6,2808.3,4098622.0
2025-11-21T04:00:00+00:00,2808.25,2832.45,2645.0,2719.15,8295316.0
2025-11-21T08:00:00+00:00,2719.5,2753.8,2662.4,2688.0,9184639.0
2025-11-21T12:00:00+00:00,2688.0,2780.1,2621.6,2704.15,13882076.0
2025-11-21T16:00:00+00:00,2704.2,2806.55,2674.15,2751.4,14557440.0
2025-11-21T20:00:00+00:00,2751.25,2775.4,2707.75,2765.2,3703824.0
2025-11-22T00:00:00+00:00,2765.4,2783.7,2738.25,2751.7,2327023.0
2025-11-22T04:00:00+00:00,2751.55,2770.4,2725.7,2755.65,4865366.0
2025-11-22T08:00:00+00:00,2755.75,2756.0,2703.35,2734.6,5506348.0
2025-11-22T12:00:00+00:00,2734.55,2754.6,2710.1,2738.15,5962510.0
2025-11-22T16:00:00+00:00,2738.15,2758.6,2734.4,2749.75,3315076.0
2025-11-22T20:00:00+00:00,2749.75,2798.6,2732.8,2769.8,1843977.0
2025-11-23T00:00:00+00:00,2769.55,2833.45,2767.4,2823.55,3108485.0
2025-11-23T04:00:00+00:00,2823.65,2851.3,2775.55,2792.7,5308639.0
2025-11-23T08:00:00+00:00,2792.8,2822.6,2792.55,2814.95,4316690.0
2025-11-23T12:00:00+00:00,2814.95,2857.6,2809.05,2835.55,7334348.0
2025-11-23T16:00:00+00:00,2835.65,2845.9,2785.55,2822.15,6169640.0
2025-11-23T20:00:00+00:00,2822.15,2844.35,2793.85,2801.25,1567327.0
2025-11-24T00:00:00+00:00,2800.35,2866.25,2762.0,2855.85,4108776.0
2025-11-24T04:00:00+00:00,2856.05,2885.35,2801.65,2829.4,6121345.0
2025-11-24T08:00:00+00:00,2829.15,2841.65,2786.9,2802.7,5123963.0
2025-11-24T12:00:00+00:00,2802.6,2859.9,2783.7,2845.8,9700083.0
2025-11-24T16:00:00+00:00,2845.7,2977.95,2841.8,2958.45,11871563.0
2025-11-24T20:00:00+00:00,2958.45,2987.0,2947.95,2952.8,2093650.0
2025-11-25T00:00:00+00:00,2952.7,2952.7,2903.45,2910.8,3064468.0
2025-11-25T04:00:00+00:00,2910.9,2942.05,2901.3,2902.2,3724554.0
2025-11-25T08:00:00+00:00,2902.1,2908.35,2864.05,2890.15,4824100.0
2025-11-25T12:00:00+00:00,2890.05,2933.5,2855.75,2894.8,12034511.0
2025-11-25T16:00:00+00:00,2894.7,2957.5,2870.9,2921.85,10996532.0
2025-11-25T20:00:00+00:00,2922.15,2979.9,2906.25,2958.85,2873312.0
2025-11-26T00:00:00+00:00,2959.25,2983.7,2920.9,2926.05,2872617.0
2025-11-26T04:00:00+00:00,2926.15,2953.75,2919.65,2943.65,3959703.0
2025-11-26T08:00:00+00:00,2943.65,2947.85,2901.5,2913.45,5075920.0
2025-11-26T12:00:00+00:00,2913.25,2946.6,2887.6,2927.15,10784374.0
2025-11-26T16:00:00+00:00,2927.25,3044.15,2925.45,3031.55,10100928.0
2025-11-26T20:00:00+00:00,3031.65,3035.2,3007.25,3025.6,1404877.0
2025-11-27T00:00:00+00:00,3025.2,3070.35,3005.0,3033.0,3235305.0
2025-11-27T04:00:00+00:00,3032.5,3053.35,3016.5,3032.75,2505935.0
2025-11-27T08:00:00+00:00,3032.7,3044.65,3016.7,3027.3,2741867.0
2025-11-27T12:00:00+00:00,3027.4,3029.4,2985.4,3010.35,6413936.0
2025-11-27T16:00:00+00:00,3010.25,3038.5,3003.75,3031.05,4382964.0
2025-11-27T20:00:00+00:00,3031.05,3043.35,3003.0,3014.3,1414084.0
2025-11-28T00:00:00+00:00,3014.65,3023.55,2992.75,3007.85,1923272.0
2025-11-28T04:00:00+00:00,3007.85,3028.5,2998.9,3000.7,2857816.0
2025-11-28T08:00:00+00:00,3000.8,3077.65,3000.25,3033.0,5742486.0
2025-11-28T12:00:00+00:00,3032.75,3098.45,3024.95,3072.45,9229815.0
2025-11-28T16:00:00+00:00,3072.35,3073.15,3010.2,3049.15,10475005.0
2025-11-28T20:00:00+00:00,3049.15,3058.5,3020.0,3030.4,1816997.0
2025-11-29T00:00:00+00:00,3030.5,3051.7,3016.9,3022.1,1775439.0
2025-11-29T04:00:00+00:00,3022.3,3044.5,2990.05,3003.9,4648957.0
2025-11-29T08:00:00+00:00,3003.8,3010.5,2984.95,2999.1,3560051.0
2025-11-29T12:00:00+00:00,2998.8,3014.2,2985.95,3006.65,4339360.0
2025-11-29T16:00:00+00:00,3006.65,3010.95,2961.75,2988.1,5807098.0
2025-11-29T20:00:00+00:00,2987.6,2998.5,2982.0,2988.5,1092571.0
2025-11-30T00:00:00+00:00,2988.5,3011.7,2974.55,3001.1,2222447.0
2025-11-30T04:00:00+00:00,3001.15,3008.25,2984.65,3004.1,2398583.0
2025-11-30T08:00:00+00:00,3004.15,3018.25,2998.7,3002.35,3205450.0
2025-11-30T12:00:00+00:00,3002.6,3052.7,2998.9,3028.55,6233761.0
2025-11-30T16:00:00+00:00,3028.35,3049.1,3027.5,3034.1,3448084.0
2025-11-30T20:00:00+00:00,3034.5,3040.65,2988.8,2990.8,1793392.0
2025-12-01T00:00:00+00:00,2990.25,2999.0,2813.05,2825.6,7124017.0
2025-12-01T04:00:00+00:00,2825.1,2843.15,2806.4,2839.05,4183939.0
2025-12-01T08:00:00+00:00,2839.0,2852.25,2827.45,2837.1,3811704.0
2025-12-01T12:00:00+00:00,2837.15,2839.25,2718.55,2745.5,13713378.0
2025-12-01T16:00:00+00:00,2746.0,2757.6,2719.35,2740.25,11047899.0
2025-12-01T20:00:00+00:00,2739.7,2818.45,2739.7,2797.9,3818784.0
2025-12-02T00:00:00+00:00,2798.1,2824.55,2783.35,2803.75,3372507.0
2025-12-02T04:00:00+00:00,2803.45,2815.35,2796.6,2805.0,2557737.0
2025-12-02T08:00:00+00:00,2804.4,2834.0,2781.15,2825.0,4833490.0
2025-12-02T12:00:00+00:00,2824.75,3024.8,2815.4,3006.1,14505060.0
2025-12-02T16:00:00+00:00,3006.1,3033.55,2986.2,3015.2,9996669.0
2025-12-02T20:00:00+00:00,3015.5,3020.65,2972.0,2994.95,2590408.0
2025-12-03T00:00:00+00:00,2995.15,3047.5,2984.8,3029.75,3025957.0
2025-12-03T04:00:00+00:00,3029.65,3084.85,3028.8,3057.0,5593576.0
2025-12-03T08:00:00+00:00,3057.0,3079.35,3043.45,3072.6,4390363.0
2025-12-03T12:00:00+00:00,3072.5,3145.65,3030.6,3085.5,14187623.0
2025-12-03T16:00:00+00:00,3085.3,3141.35,3063.45,3127.35,8894630.0
2025-12-03T20:00:00+00:00,3127.5,3216.2,3116.3,3187.55,2586220.0
2025-12-04T00:00:00+00:00,3187.85,3239.85,3173.55,3209.25,3395942.0
2025-12-04T04:00:00+00:00,3209.25,3219.0,3171.05,3189.6,4418130.0
2025-12-04T08:00:00+00:00,3189.6,3208.25,3174.45,3185.65,3671581.0
2025-12-04T12:00:00+00:00,3185.5,3225.3,3139.55,3207.4,10097962.0
2025-12-04T16:00:00+00:00,3207.15,3224.65,3065.4,3118.5,11443810.0
2025-12-04T20:00:00+00:00,3118.0,3151.0,3104.65,3132.6,2206002.0
2025-12-05T00:00:00+00:00,3132.6,3192.45,3132.05,3170.2,2386286.0
2025-12-05T04:00:00+00:00,3170.2,3181.9,3151.05,3173.0,3445274.0
2025-12-05T08:00:00+00:00,3173.15,3173.15,3107.45,3130.65,6532084.0
2025-12-05T12:00:00+00:00,3130.65,3157.65,3082.0,3106.05,10960244.0
2025-12-05T16:00:00+00:00,3105.95,3108.0,2982.35,3037.5,15156861.0
2025-12-05T20:00:00+00:00,3037.65,3048.45,3005.75,3020.95,2448407.0
2025-12-06T00:00:00+00:00,3020.95,3045.45,3011.6,3039.3,1379134.0
2025-12-06T04:00:00+00:00,3039.3,3041.65,3023.55,3025.65,2144370.0
2025-12-06T08:00:00+00:00,3025.65,3041.2,3012.45,3038.15,3140742.0
2025-12-06T12:00:00+00:00,3038.05,3068.25,3025.6,3040.75,5037507.0
2025-12-06T16:00:00+00:00,3040.7,3065.95,3024.5,3029.6,4054320.0
2025-12-06T20:00:00+00:00,3029.35,3054.1,3026.45,3037.2,878731.0
2025-12-07T00:00:00+00:00,3037.2,3056.85,3031.25,3053.25,989224.0
2025-12-07T04:00:00+00:00,3053.25,3057.45,3030.25,3036.7,2033253.0
2025-12-07T08:00:00+00:00,3036.6,3043.35,3024.15,3035.1,2646399.0
2025-12-07T12:00:00+00:00,3035.15,3052.65,2912.25,3026.35,9794907.0
2025-12-07T16:00:00+00:00,3026.4,3149.95,2998.35,3137.35,10057444.0
2025-12-07T20:00:00+00:00,3137.35,3146.35,3011.8,3058.8,3262153.0
2025-12-08T00:00:00+00:00,3058.95,3134.35,3039.85,3110.15,2946616.0
2025-12-08T04:00:00+00:00,3110.2,3140.45,3107.75,3133.2,3385088.0
2025-12-08T08:00:00+00:00,3132.85,3180.0,3124.4,3141.3,4745275.0
2025-12-08T12:00:00+00:00,3141.2,3178.25,3088.1,3100.35,12348681.0
2025-12-08T16:00:00+00:00,3100.55,3132.95,3078.4,3118.1,8627324.0
2025-12-08T20:00:00+00:00,3118.15,3152.65,3112.25,3123.8,1809425.0
2025-12-09T00:00:00+00:00,3123.95,3142.95,3090.4,3128.55,2097107.0
2025-12-09T04:00:00+00:00,3128.8,3130.8,3094.95,3122.1,2840944.0
2025-12-09T08:00:00+00:00,3122.15,3129.8,3092.1,3117.6,3235830.0
2025-12-09T12:00:00+00:00,3117.5,3256.6,3097.5,3245.4,12363672.0
2025-12-09T16:00:00+00:00,3245.55,3397.55,3245.1,3357.65,14495845.0
2025-12-09T20:00:00+00:00,3357.4,3361.0,3284.15,3317.1,3333257.0
2025-12-10T00:00:00+00:00,3317.0,3327.65,3287.35,3308.65,1941216.0
2025-12-10T04:00:00+00:00,3308.65,3333.7,3305.8,3326.25,2527525.0
2025-12-10T08:00:00+00:00,3326.35,3375.6,3296.45,3317.4,5979985.0
2025-12-10T12:00:00+00:00,3317.5,3338.5,3303.45,3327.25,6482173.0
2025-12-10T16:00:00+00:00,3327.35,3435.85,3320.1,3389.7,12869414.0
2025-12-10T20:00:00+00:00,3389.7,3446.6,3317.55,3323.5,4502496.0
2025-12-11T00:00:00+00:00,3323.55,3326.5,3166.25,3190.6,5759985.0
2025-12-11T04:00:00+00:00,3190.45,3214.65,3179.7,3200.65,3086122.0
2025-12-11T08:00:00+00:00,3200.45,3212.65,3177.95,3191.95,2995882.0
2025-12-11T12:00:00+00:00,3191.85,3209.8,3144.0,3178.4,8872491.0
2025-12-11T16:00:00+00:00,3178.4,3233.5,3154.35,3193.25,10240354.0
2025-12-11T20:00:00+00:00,3193.3,3272.2,3191.35,3236.45,2984780.0
2025-12-12T00:00:00+00:00,3235.7,3265.25,3184.15,3244.7,2870261.0
2025-12-12T04:00:00+00:00,3244.05,3264.25,3231.7,3245.55,2516553.0
2025-12-12T08:00:00+00:00,3245.55,3255.45,3226.0,3241.85,2915620.0
2025-12-12T12:00:00+00:00,3241.75,3251.0,3053.05,3070.6,12083481.0
2025-12-12T16:00:00+00:00,3070.7,3099.0,3043.25,3072.6,10113234.0
2025-12-12T20:00:00+00:00,3072.55,3095.65,3066.4,3083.8,1213904.0
2025-12-13T00:00:00+00:00,3084.0,3094.65,3077.6,3089.15,806334.0
2025-12-13T04:00:00+00:00,3089.15,3094.8,3083.4,3093.75,1129454.0
2025-12-13T08:00:00+00:00,3093.75,3134.85,3091.45,3118.55,3985239.0
2025-12-13T12:00:00+00:00,3118.65,3126.5,3093.8,3108.7,4503584.0
2025-12-13T16:00:00+00:00,3108.7,3115.9,3095.05,3107.7,2343613.0
2025-12-13T20:00:00+00:00,3107.8,3119.4,3079.3,3113.7,1123253.0
2025-12-14T00:00:00+00:00,3113.7,3129.1,3102.15,3118.05,934613.0
2025-12-14T04:00:00+00:00,3118.05,3121.65,3103.7,3114.35,1514527.0
2025-12-14T08:00:00+00:00,3114.45,3119.35,3049.2,3084.15,3828275.0
2025-12-14T12:00:00+00:00,3084.35,3107.65,3069.55,3084.0,5463645.0
2025-12-14T16:00:00+00:00,3084.0,3107.65,3073.25,3092.45,4554109.0
2025-12-14T20:00:00+00:00,3092.55,3096.4,3023.95,3062.4,1950779.0
2025-12-15T00:00:00+00:00,3062.5,3150.6,3056.0,3108.05,3310845.0
2025-12-15T04:00:00+00:00,3108.1,3144.55,3102.8,3128.0,2957426.0
2025-12-15T08:00:00+00:00,3128.0,3177.65,3124.5,3156.25,4146052.0
2025-12-15T12:00:00+00:00,3156.35,3158.55,2985.3,3009.75,13976393.0
2025-12-15T16:00:00+00:00,3010.25,3017.2,2893.05,2939.3,11364174.0
2025-12-15T20:00:00+00:00,2938.85,2968.35,2915.8,2963.8,1595676.0
2025-12-16T00:00:00+00:00,2963.35,2977.55,2921.6,2935.95,2403693.0
2025-12-16T04:00:00+00:00,2936.05,2950.85,2875.0,2923.25,4161802.0
2025-12-16T08:00:00+00:00,2923.15,2963.6,2918.95,2957.2,4047281.0
2025-12-16T12:00:00+00:00,2956.6,2981.8,2885.95,2962.35,11088622.0
2025-12-16T16:00:00+00:00,2962.35,2967.5,2910.6,2945.25,8356396.0
2025-12-16T20:00:00+00:00,2944.1,2965.05,2937.0,2961.15,1182057.0
2025-12-17T00:00:00+00:00,2961.35,2973.95,2937.05,2947.0,1596026.0
2025-12-17T04:00:00+00:00,2947.0,2953.75,2913.7,2946.95,3235334.0
2025-12-17T08:00:00+00:00,2947.2,2947.2,2906.2,2928.0,3197730.0
2025-12-17T12:00:00+00:00,2927.7,3029.65,2884.1,2904.0,13906610.0
2025-12-17T16:00:00+00:00,2903.65,2925.0,2790.05,2819.55,13111819.0
2025-12-17T20:00:00+00:00,2819.95,2837.0,2805.0,2832.6,1618845.0
2025-12-18T00:00:00+00:00,2832.5,2847.05,2820.7,2831.2,1749829.0
2025-12-18T04:00:00+00:00,2831.1,2840.6,2821.5,2835.3,1824456.0
2025-12-18T08:00:00+00:00,2835.55,2863.3,2830.7,2858.05,3231906.0
2025-12-18T12:00:00+00:00,2858.7,2997.2,2853.1,2964.4,15857869.0
2025-12-18T16:00:00+00:00,2964.2,2966.9,2774.15,2781.0,13960149.0
2025-12-18T20:00:00+00:00,2781.0,2838.05,2778.7,2827.95,2204675.0
2025-12-19T00:00:00+00:00,2828.1,2935.55,2807.6,2908.2,4086022.0
2025-12-19T04:00:00+00:00,2907.65,2984.25,2906.3,2951.1,5883860.0
2025-12-19T08:00:00+00:00,2950.95,2970.5,2937.4,2964.2,4181837.0
2025-12-19T12:00:00+00:00,2964.6,3018.55,2942.35,2964.0,10889156.0
2025-12-19T16:00:00+00:00,2964.0,3007.1,2935.9,2984.15,9723478.0
2025-12-19T20:00:00+00:00,2984.25,3002.5,2973.85,2978.85,1295198.0
2025-12-20T00:00:00+00:00,2978.85,2993.4,2970.0,2988.6,943415.0
2025-12-20T04:00:00+00:00,2988.6,2990.15,2973.8,2980.9,1487643.0
2025-12-20T08:00:00+00:00,2980.8,2989.6,2974.2,2986.6,1667433.0
2025-12-20T12:00:00+00:00,2986.6,2993.5,2965.85,2976.2,2995558.0
2025-12-20T16:00:00+00:00,2976.2,2980.6,2973.15,2977.2,1156396.0
2025-12-20T20:00:00+00:00,2977.1,2985.2,2971.65,2977.15,484094.0
2025-12-21T00:00:00+00:00,2977.15,2980.55,2960.65,2972.2,1081011.0
2025-12-21T04:00:00+00:00,2972.3,2982.15,2971.15,2980.45,842374.0
2025-12-21T08:00:00+00:00,2980.45,3012.5,2976.75,2995.8,3719397.0
2025-12-21T12:00:00+00:00,2995.8,3004.65,2943.4,2974.1,6958309.0
2025-12-21T16:00:00+00:00,2973.85,2997.2,2966.55,2990.05,3416752.0
2025-12-21T20:00:00+00:00,2990.0,3011.65,2970.0,3001.2,1255883.0
2025-12-22T00:00:00+00:00,3001.3,3060.85,2970.3,3020.85,3708072.0
2025-12-22T04:00:00+00:00,3020.75,3042.2,3019.0,3029.05,2603793.0
2025-12-22T08:00:00+00:00,3029.05,3057.7,3024.15,3048.3,3752783.0
2025-12-22T12:00:00+00:00,3048.2,3076.95,3020.8,3051.8,9287748.0
2025-12-22T16:00:00+00:00,3051.95,3059.05,2973.3,2979.8,5522293.0
2025-12-22T20:00:00+00:00,2979.85,3015.2,2962.85,3009.15,1738475.0
2025-12-23T00:00:00+00:00,3009.05,3035.4,2971.1,2991.1,2516105.0
2025-12-23T04:00:00+00:00,2991.0,2999.5,2945.55,2964.1,2207827.0
2025-12-23T08:00:00+00:00,2964.1,2974.5,2952.0,2972.7,2030089.0
2025-12-23T12:00:00+00:00,2972.6,2973.6,2900.6,2928.0,8825003.0
2025-12-23T16:00:00+00:00,2927.9,2965.4,2907.8,2943.25,7158379.0
2025-12-23T20:00:00+00:00,2943.35,2987.85,2939.85,2963.9,1679665.0
2025-12-24T00:00:00+00:00,2964.05,2977.1,2919.95,2945.1,1727675.0
2025-12-24T04:00:00+00:00,2945.0,2958.55,2917.2,2932.0,2355305.0
2025-12-24T08:00:00+00:00,2932.0,2939.25,2914.15,2924.4,2265075.0
2025-12-24T12:00:00+00:00,2924.5,2937.95,2887.3,2924.8,6342522.0
2025-12-24T16:00:00+00:00,2924.8,2953.9,2920.55,2945.3,5057267.0
2025-12-24T20:00:00+00:00,2945.6,2963.0,2940.45,2946.85,1001775.0
2025-12-25T00:00:00+00:00,2946.75,2956.55,2935.85,2946.5,1060498.0
2025-12-25T04:00:00+00:00,2946.5,2947.8,2937.0,2941.45,1097641.0
2025-12-25T08:00:00+00:00,2941.45,2946.45,2911.3,2924.05,3028413.0
2025-12-25T12:00:00+00:00,2924.05,2970.6,2919.15,2960.1,4506173.0
2025-12-25T16:00:00+00:00,2960.3,2967.0,2942.05,2955.8,3337513.0
2025-12-25T20:00:00+00:00,2955.7,2956.0,2889.6,2902.85,1642745.0
2025-12-26T00:00:00+00:00,2902.2,2994.25,2896.4,2964.3,1905904.0
2025-12-26T04:00:00+00:00,2964.3,2991.85,2951.45,2955.95,2949817.0
2025-12-26T08:00:00+00:00,2955.95,2975.8,2954.15,2964.3,1903560.0
2025-12-26T12:00:00+00:00,2964.3,2985.25,2893.55,2922.15,8109270.0
2025-12-26T16:00:00+00:00,2922.05,2934.9,2905.95,2925.05,4368464.0
2025-12-26T20:00:00+00:00,2925.3,2938.25,2920.75,2927.4,781417.0
2025-12-27T00:00:00+00:00,2927.4,2932.7,2921.6,2932.6,565129.0
2025-12-27T04:00:00+00:00,2932.6,2937.3,2926.6,2932.0,872275.0
2025-12-27T08:00:00+00:00,2932.0,2939.8,2917.0,2930.1,1666872.0
2025-12-27T12:00:00+00:00,2930.2,2933.35,2924.8,2926.15,1194851.0
2025-12-27T16:00:00+00:00,2926.15,2930.45,2916.75,2930.0,1297386.0
2025-12-27T20:00:00+00:00,2930.2,2960.2,2927.6,2947.7,1239951.0
2025-12-28T00:00:00+00:00,2948.15,2951.25,2940.0,2942.85,678529.0
2025-12-28T04:00:00+00:00,2942.85,2946.75,2929.4,2938.35,1395446.0
2025-12-28T08:00:00+00:00,2938.6,2947.0,2930.55,2943.6,1425290.0
2025-12-28T12:00:00+00:00,2943.8,2960.15,2936.75,2948.65,2111795.0
2025-12-28T16:00:00+00:00,2948.65,2954.0,2924.45,2932.95,2315482.0
2025-12-28T20:00:00+00:00,2932.7,2955.1,2928.0,2950.0,732026.0
2025-12-29T00:00:00+00:00,2950.15,3048.5,2944.0,3042.9,4265805.0
2025-12-29T04:00:00+00:00,3043.0,3056.65,3009.2,3019.05,3928837.0
2025-12-29T08:00:00+00:00,3019.15,3025.5,2956.0,2959.25,5032228.0
2025-12-29T12:00:00+00:00,2959.05,2965.0,2909.2,2934.55,9079062.0
2025-12-29T16:00:00+00:00,2934.4,2945.4,2912.65,2931.4,4005465.0
2025-12-29T20:00:00+00:00,2931.15,2943.8,2925.05,2937.8,721836.0
2025-12-30T00:00:00+00:00,2937.0,2955.5,2918.6,2951.25,1686407.0
2025-12-30T04:00:00+00:00,2951.25,2958.1,2936.4,2950.05,2232419.0
2025-12-30T08:00:00+00:00,2950.15,3003.1,2949.2,2978.5,4767639.0
2025-12-30T12:00:00+00:00,2978.5,3009.1,2957.65,2988.75,8561072.0
2025-12-30T16:00:00+00:00,2989.2,2994.25,2944.15,2970.85,4970474.0
2025-12-30T20:00:00+00:00,2970.85,2975.2,2953.9,2972.75,843765.0
2025-12-31T00:00:00+00:00,2972.55,2984.6,2961.65,2969.8,1369388.0
2025-12-31T04:00:00+00:00,2969.85,2979.0,2967.65,2976.15,1177273.0
2025-12-31T08:00:00+00:00,2976.15,3002.75,2962.9,3001.05,2947804.0
2025-12-31T12:00:00+00:00,3001.0,3027.95,2966.4,2984.8,8345167.0
2025-12-31T16:00:00+00:00,2984.95,2996.95,2958.3,2970.85,4326765.0
2025-12-31T20:00:00+00:00,2971.35,2984.6,2962.75,2971.0,1060122.0
2026-01-01T00:00:00+00:00,2970.9,2988.8,2970.55,2979.5,719792.0
2026-01-01T04:00:00+00:00,2979.55,2983.5,2972.65,2977.9,937283.0
2026-01-01T08:00:00+00:00,2977.7,2992.05,2976.95,2988.55,1105615.0
2026-01-01T12:00:00+00:00,2988.65,2994.55,2976.45,2988.95,2536861.0
2026-01-01T16:00:00+00:00,2988.95,3005.65,2980.0,2994.65,2614180.0
2026-01-01T20:00:00+00:00,2994.7,3009.25,2986.5,3003.15,856350.0
2026-01-02T00:00:00+00:00,3003.4,3035.3,2991.35,3021.7,2483886.0
2026-01-02T04:00:00+00:00,3021.7,3038.85,3008.0,3017.55,3507117.0
2026-01-02T08:00:00+00:00,3017.55,3069.55,3014.85,3047.3,6004110.0
2026-01-02T12:00:00+00:00,3047.35,3110.1,3020.0,3085.75,12312713.0
2026-01-02T16:00:00+00:00,3085.65,3149.4,3078.5,3122.8,10691767.0
2026-01-02T20:00:00+00:00,3123.15,3144.65,3110.4,3124.45,1383507.0
2026-01-03T00:00:00+00:00,3124.45,3135.65,3117.6,3124.5,954902.0
2026-01-03T04:00:00+00:00,3124.6,3127.25,3075.2,3090.2,4115117.0
2026-01-03T08:00:00+00:00,3090.1,3110.2,3083.35,3097.7,3540676.0
2026-01-03T12:00:00+00:00,3097.7,3113.6,3092.75,3100.6,2950911.0
2026-01-03T16:00:00+00:00,3100.5,3118.75,3097.1,3112.55,2187701.0
2026-01-03T20:00:00+00:00,3112.75,3130.25,3106.3,3126.15,1064715.0
2026-01-04T00:00:00+00:00,3125.8,3166.4,3125.35,3146.4,2914805.0
2026-01-04T04:00:00+00:00,3146.3,3162.1,3133.15,3140.2,3246480.0
2026-01-04T08:00:00+00:00,3140.2,3148.0,3125.4,3138.95,2882851.0
2026-01-04T12:00:00+00:00,3139.0,3146.6,3116.25,3134.8,2980723.0
2026-01-04T16:00:00+00:00,3134.8,3143.55,3118.05,3131.9,2668378.0
2026-01-04T20:00:00+00:00,3131.95,3155.15,3130.05,3144.0,1251674.0
2026-01-05T00:00:00+00:00,3143.9,3221.1,3142.45,3185.4,3947934.0
2026-01-05T04:00:00+00:00,3185.3,3187.55,3135.25,3156.85,3610861.0
2026-01-05T08:00:00+00:00,3156.6,3183.3,3152.1,3179.55,3805037.0
2026-01-05T12:00:00+00:00,3179.55,3205.3,3134.0,3195.15,9469095.0
2026-01-05T16:00:00+00:00,3195.1,3229.0,3158.0,3222.2,8181280.0
2026-01-05T20:00:00+00:00,3222.35,3264.75,3219.2,3224.4,2259917.0
2026-01-06T00:00:00+00:00,3224.45,3246.65,3202.6,3224.45,2175971.0
2026-01-06T04:00:00+00:00,3224.55,3253.2,3210.6,3218.6,3054119.0
2026-01-06T08:00:00+00:00,3218.7,3242.25,3213.55,3237.05,2187889.0
2026-01-06T12:00:00+00:00,3237.05,3308.95,3228.75,3271.45,10119320.0
2026-01-06T16:00:00+00:00,3271.35,3278.5,3182.25,3222.85,8472152.0
2026-01-06T20:00:00+00:00,3222.75,3301.25,3222.5,3295.9,2372632.0
2026-01-07T00:00:00+00:00,3296.2,3296.2,3238.55,3266.3,2719332.0
2026-01-07T04:00:00+00:00,3266.3,3271.35,3246.35,3254.6,2178495.0
2026-01-07T08:00:00+00:00,3254.4,3262.7,3194.95,3219.9,4866735.0
2026-01-07T12:00:00+00:00,3219.3,3228.25,3143.4,3164.1,8895990.0
2026-01-07T16:00:00+00:00,3164.2,3179.05,3124.25,3144.95,7167275.0
2026-01-07T20:00:00+00:00,3144.95,3181.25,3127.15,3167.9,1411207.0
2026-01-08T00:00:00+00:00,3168.45,3184.35,3132.85,3142.0,2401736.0
2026-01-08T04:00:00+00:00,3142.0,3160.95,3088.75,3127.1,4244421.0
2026-01-08T08:00:00+00:00,3127.0,3136.4,3096.0,3120.0,3714936.0
2026-01-08T12:00:00+00:00,3120.05,3120.25,3053.2,3103.45,9348695.0
2026-01-08T16:00:00+00:00,3103.55,3138.5,3089.0,3110.8,6817405.0
2026-01-08T20:00:00+00:00,3110.7,3130.0,3088.2,3105.9,1459607.0
2026-01-09T00:00:00+00:00,3106.0,3148.55,3079.75,3119.05,2180567.0
2026-01-09T04:00:00+00:00,3119.0,3124.95,3109.7,3110.35,1299824.0
2026-01-09T08:00:00+00:00,3110.35,3115.0,3066.6,3089.55,3812356.0
2026-01-09T12:00:00+00:00,3089.55,3142.65,3057.7,3112.05,10082772.0
2026-01-09T16:00:00+00:00,3112.05,3145.55,3067.8,3079.6,7622431.0
2026-01-09T20:00:00+00:00,3079.7,3092.55,3064.75,3087.85,1053852.0
2026-01-10T00:00:00+00:00,3087.4,3094.0,3079.5,3086.1,618623.0
2026-01-10T04:00:00+00:00,3086.1,3093.05,3078.0,3092.15,848354.0
2026-01-10T08:00:00+00:00,3092.1,3103.15,3086.7,3096.3,1277094.0
2026-01-10T12:00:00+00:00,3096.3,3102.85,3088.0,3094.8,1305946.0
2026-01-10T16:00:00+00:00,3094.7,3098.25,3089.1,3091.45,749205.0
2026-01-10T20:00:00+00:00,3091.75,3092.65,3077.6,3086.15,563909.0
2026-01-11T00:00:00+00:00,3086.15,3097.1,3083.8,3096.15,404270.0
2026-01-11T04:00:00+00:00,3096.15,3101.65,3088.85,3094.7,894109.0
2026-01-11T08:00:00+00:00,3094.6,3108.95,3092.0,3104.15,1256470.0
2026-01-11T12:00:00+00:00,3104.5,3130.25,3104.05,3117.45,2574175.0
2026-01-11T16:00:00+00:00,3117.65,3147.6,3115.1,3124.05,2802200.0
2026-01-11T20:00:00+00:00,3124.0,3125.25,3091.4,3122.95,1474792.0
2026-01-12T00:00:00+00:00,3122.7,3171.75,3096.0,3151.75,3123318.0
2026-01-12T04:00:00+00:00,3151.75,3166.5,3132.2,3134.65,2331772.0
2026-01-12T08:00:00+00:00,3134.65,3146.95,3100.55,3115.0,3672730.0
2026-01-12T12:00:00+00:00,3115.35,3132.55,3064.55,3129.55,7204897.0
2026-01-12T16:00:00+00:00,3129.35,3146.0,3083.65,3121.0,7016973.0
2026-01-12T20:00:00+00:00,3121.0,3127.5,3083.6,3094.5,1171516.0
2026-01-13T00:00:00+00:00,3094.5,3118.65,3091.0,3115.55,1067584.0
2026-01-13T04:00:00+00:00,3115.65,3146.4,3111.5,3121.65,2748415.0
2026-01-13T08:00:00+00:00,3121.65,3148.0,3121.65,3133.45,2515223.0
2026-01-13T12:00:00+00:00,3133.45,3188.7,3129.0,3183.7,7428359.0
2026-01-13T16:00:00+00:00,3183.7,3218.25,3170.75,3215.05,6106996.0
2026-01-13T20:00:00+00:00,3215.15,3380.7,3189.4,3325.4,3645228.0
2026-01-14T00:00:00+00:00,3325.4,3359.65,3314.75,3351.75,2372280.0
2026-01-14T04:00:00+00:00,3351.75,3364.0,3321.55,3335.6,2420856.0
2026-01-14T08:00:00+00:00,3335.1,3342.8,3282.2,3285.8,3454715.0
2026-01-14T12:00:00+00:00,3285.55,3361.75,3280.65,3344.8,7378426.0
2026-01-14T16:00:00+00:00,3344.9,3403.75,3314.45,3367.0,9802894.0
2026-01-14T20:00:00+00:00,3367.0,3392.45,3346.85,3354.0,1415117.0
2026-01-15T00:00:00+00:00,3353.9,3355.0,3276.75,3285.5,2572746.0
2026-01-15T04:00:00+00:00,3285.5,3334.65,3283.6,3329.35,2848660.0
2026-01-15T08:00:00+00:00,3329.35,3378.55,3319.05,3349.25,4520625.0
2026-01-15T12:00:00+00:00,3349.0,3383.8,3283.45,3329.8,10476745.0
2026-01-15T16:00:00+00:00,3329.7,3336.8,3272.3,3294.65,6482077.0
2026-01-15T20:00:00+00:00,3294.75,3322.65,3275.9,3317.7,1418503.0
2026-01-16T00:00:00+00:00,3317.7,3325.95,3291.0,3294.55,1294094.0
2026-01-16T04:00:00+00:00,3294.55,3316.55,3275.0,3308.9,2546655.0
2026-01-16T08:00:00+00:00,3308.9,3320.0,3292.65,3301.4,1924872.0
2026-01-16T12:00:00+00:00,3301.3,3317.9,3252.0,3263.75,6018811.0
2026-01-16T16:00:00+00:00,3263.3,3288.25,3258.8,3276.0,4665087.0
2026-01-16T20:00:00+00:00,3276.25,3299.25,3263.7,3295.4,1218526.0
2026-01-17T00:00:00+00:00,3295.4,3296.75,3283.0,3288.75,550349.0
2026-01-17T04:00:00+00:00,3288.85,3293.95,3285.1,3290.8,653236.0
2026-01-17T08:00:00+00:00,3290.8,3304.95,3288.65,3302.0,1199882.0
2026-01-17T12:00:00+00:00,3302.0,3328.85,3298.6,3328.85,2281544.0
2026-01-17T16:00:00+00:00,3328.85,3329.1,3310.7,3315.7,1849972.0
2026-01-17T20:00:00+00:00,3315.8,3318.95,3296.25,3309.55,562915.0
2026-01-18T00:00:00+00:00,3309.0,3319.25,3295.0,3315.15,930436.0
2026-01-18T04:00:00+00:00,3315.25,3317.4,3304.9,3306.3,942958.0
2026-01-18T08:00:00+00:00,3306.4,3325.25,3302.1,3321.35,1449738.0
2026-01-18T12:00:00+00:00,3321.45,3347.4,3313.45,3333.05,3321528.0
2026-01-18T16:00:00+00:00,3333.05,3368.7,3328.7,3346.1,3089128.0
2026-01-18T20:00:00+00:00,3346.1,3355.85,3278.0,3283.4,1983259.0
2026-01-19T00:00:00+00:00,3283.0,3283.9,3176.2,3210.95,3915372.0
2026-01-19T04:00:00+00:00,3211.05,3216.5,3186.95,3206.15,1760700.0
2026-01-19T08:00:00+00:00,3206.3,3230.4,3196.55,3222.85,2415802.0
2026-01-19T12:00:00+00:00,3222.75,3235.0,3201.95,3215.05,3671382.0
2026-01-19T16:00:00+00:00,3215.05,3226.85,3207.25,3218.9,2432798.0
2026-01-19T20:00:00+00:00,3220.0,3224.6,3165.35,3188.7,1786243.0
2026-01-20T00:00:00+00:00,3188.6,3200.2,3174.6,3188.0,1729076.0
2026-01-20T04:00:00+00:00,3188.0,3188.75,3108.6,3122.05,4448527.0
2026-01-20T08:00:00+00:00,3122.05,3122.65,3084.95,3108.8,3440451.0
2026-01-20T12:00:00+00:00,3108.7,3114.2,2993.35,3031.75,8869213.0
2026-01-20T16:00:00+00:00,3031.75,3042.0,2979.25,2995.55,7023917.0
2026-01-20T20:00:00+00:00,2995.0,3006.9,2919.05,2938.75,2203230.0
2026-01-21T00:00:00+00:00,2938.95,2984.05,2920.8,2980.75,2323209.0
2026-01-21T04:00:00+00:00,2980.65,3001.5,2965.0,2969.55,3037625.0
2026-01-21T08:00:00+00:00,2969.45,2974.25,2937.55,2942.8,3429095.0
2026-01-21T12:00:00+00:00,2942.45,3025.85,2901.15,3001.8,10951686.0
2026-01-21T16:00:00+00:00,3001.9,3068.35,2865.1,3054.75,14940328.0
2026-01-21T20:00:00+00:00,3054.65,3057.1,2971.35,2981.3,3682731.0
2026-01-22T00:00:00+00:00,2981.3,3037.8,2979.8,3013.0,2467708.0
2026-01-22T04:00:00+00:00,3012.8,3027.4,2999.5,3000.5,2118103.0
2026-01-22T08:00:00+00:00,3000.2,3016.25,2976.7,2985.4,3159349.0
2026-01-22T12:00:00+00:00,2985.3,3009.55,2905.35,2941.25,10180028.0
2026-01-22T16:00:00+00:00,2941.25,2971.75,2922.65,2953.15,8298667.0
2026-01-22T20:00:00+00:00,2953.45,2958.6,2929.8,2951.85,1195744.0
2026-01-23T00:00:00+00:00,2951.95,2971.55,2945.0,2963.8,1254998.0
2026-01-23T04:00:00+00:00,2963.8,2984.3,2934.05,2947.25,3696602.0
2026-01-23T08:00:00+00:00,2947.45,2950.45,2914.15,2940.15,3608894.0
2026-01-23T12:00:00+00:00,2940.05,2964.25,2891.2,2951.75,8251588.0
2026-01-23T16:00:00+00:00,2951.6,3019.0,2937.7,2958.75,9595240.0
2026-01-23T20:00:00+00:00,2958.85,2963.25,2929.55,2955.7,1465355.0
2026-01-24T00:00:00+00:00,2955.6,2969.35,2948.4,2961.65,781683.0
2026-01-24T04:00:00+00:00,2961.65,2965.85,2953.55,2956.55,1044181.0
2026-01-24T08:00:00+00:00,2956.55,2964.35,2954.25,2960.45,749584.0
2026-01-24T12:00:00+00:00,2960.45,2967.6,2942.65,2956.15,2079469.0
2026-01-24T16:00:00+00:00,2956.05,2967.9,2951.0,2953.4,1413062.0
2026-01-24T20:00:00+00:00,2953.35,2963.65,2948.15,2952.6,457454.0
2026-01-25T00:00:00+00:00,2952.45,2959.45,2935.95,2942.05,788234.0
2026-01-25T04:00:00+00:00,2942.15,2948.65,2933.9,2939.05,1245429.0
2026-01-25T08:00:00+00:00,2938.95,2947.5,2919.6,2936.7,2107060.0
2026-01-25T12:00:00+00:00,2936.65,2944.6,2920.85,2926.15,2201585.0
2026-01-25T16:00:00+00:00,2926.15,2926.95,2795.15,2811.55,9002196.0
2026-01-25T20:00:00+00:00,2811.55,2824.45,2785.25,2815.9,3238268.0
2026-01-26T00:00:00+00:00,2816.0,2898.45,2811.7,2850.3,3517874.0
2026-01-26T04:00:00+00:00,2850.3,2911.6,2849.15,2903.6,4834048.0
2026-01-26T08:00:00+00:00,2903.65,2934.3,2880.3,2891.55,4739106.0
2026-01-26T12:00:00+00:00,2891.55,2950.6,2873.45,2898.65,9871431.0
2026-01-26T16:00:00+00:00,2898.85,2935.7,2885.3,2922.45,6564277.0
2026-01-26T20:00:00+00:00,2921.5,2945.5,2895.0,2929.3,1466835.0
2026-01-27T00:00:00+00:00,2929.5,2948.45,2911.45,2940.2,1255282.0
2026-01-27T04:00:00+00:00,2940.3,2956.5,2923.8,2928.45,1903224.0
2026-01-27T08:00:00+00:00,2928.55,2932.1,2899.6,2916.4,2466381.0
2026-01-27T12:00:00+00:00,2916.0,2944.65,2904.75,2936.7,6112521.0
2026-01-27T16:00:00+00:00,2936.7,2998.25,2917.15,2980.0,9142301.0
2026-01-27T20:00:00+00:00,2979.05,3034.5,2978.3,3025.6,2033051.0
2026-01-28T00:00:00+00:00,3025.6,3029.15,2996.3,3004.45,1343631.0
2026-01-28T04:00:00+00:00,3004.45,3017.85,2992.05,3004.75,2141901.0
2026-01-28T08:00:00+00:00,3004.65,3045.0,2985.7,3039.05,4074642.0
2026-01-28T12:00:00+00:00,3038.6,3044.9,2982.85,3006.65,6462253.0
2026-01-28T16:00:00+00:00,3006.9,3031.45,2988.05,3015.85,6783792.0
2026-01-28T20:00:00+00:00,3015.85,3038.2,2995.55,3009.95,1499369.0
2026-01-29T00:00:00+00:00,3009.95,3012.7,2943.65,2951.95,2593708.0
2026-01-29T04:00:00+00:00,2951.7,2965.0,2937.0,2960.75,2231423.0
2026-01-29T08:00:00+00:00,2960.75,2969.15,2922.75,2928.6,3155078.0
2026-01-29T12:00:00+00:00,2928.7,2938.45,2795.85,2823.2,9452738.0
2026-01-29T16:00:00+00:00,2823.25,2859.5,2753.3,2797.15,9446214.0
2026-01-29T20:00:00+00:00,2797.45,2826.75,2788.55,2821.65,1421523.0
2026-01-30T00:00:00+00:00,2821.65,2827.9,2680.15,2740.2,3691284.0
2026-01-30T04:00:00+00:00,2740.2,2774.35,2695.5,2738.9,4688555.0
2026-01-30T08:00:00+00:00,2739.1,2768.25,2709.4,2759.1,4235626.0
2026-01-30T12:00:00+00:00,2759.25,2766.1,2692.7,2728.3,9375084.0
2026-01-30T16:00:00+00:00,2728.3,2760.65,2635.1,2741.85,12526994.0
2026-01-30T20:00:00+00:00,2741.7,2742.1,2663.6,2706.15,3518782.0
2026-01-31T00:00:00+00:00,2706.15,2714.0,2683.5,2695.25,1773090.0
2026-01-31T04:00:00+00:00,2695.3,2704.45,2667.0,2679.35,2137852.0
2026-01-31T08:00:00+00:00,2679.35,2683.15,2605.8,2639.5,6047745.0
2026-01-31T12:00:00+00:00,2639.2,2643.55,2508.65,2533.1,10283952.0
2026-01-31T16:00:00+00:00,2533.2,2550.0,2228.35,2381.9,22749899.0
2026-01-31T20:00:00+00:00,2382.0,2473.0,2353.45,2450.95,5581017.0
2026-02-01T00:00:00+00:00,2450.65,2475.0,2428.65,2444.7,2800365.0
2026-02-01T04:00:00+00:00,2444.6,2454.05,2392.75,2410.5,4124194.0
2026-02-01T08:00:00+00:00,2410.4,2438.5,2375.35,2411.1,5592299.0
2026-02-01T12:00:00+00:00,2411.5,2411.8,2285.5,2315.0,11980927.0
2026-02-01T16:00:00+00:00,2315.0,2376.75,2282.7,2319.8,10850902.0
2026-02-01T20:00:00+00:00,2319.35,2348.7,2218.45,2269.45,4354619.0
2026-02-02T00:00:00+00:00,2269.45,2323.0,2163.6,2237.8,7621585.0
2026-02-02T04:00:00+00:00,2237.9,2267.5,2156.55,2228.05,9832621.0
2026-02-02T08:00:00+00:00,2227.95,2317.75,2227.95,2281.75,7706220.0
2026-02-02T12:00:00+00:00,2281.65,2395.65,2281.2,2371.4,13141839.0
2026-02-02T16:00:00+00:00,2371.2,2385.95,2326.3,2330.8,10185983.0
2026-02-02T20:00:00+00:00,2330.1,2354.25,2312.55,2346.0,2271300.0
2026-02-03T00:00:00+00:00,2345.65,2359.0,2283.85,2343.7,4923248.0
2026-02-03T04:00:00+00:00,2343.55,2354.9,2297.0,2322.4,5946250.0
2026-02-03T08:00:00+00:00,2322.6,2332.15,2260.0,2275.6,7119245.0
2026-02-03T12:00:00+00:00,2275.7,2316.3,2251.05,2302.45,12964109.0
2026-02-03T16:00:00+00:00,2302.45,2302.7,2106.85,2204.3,20681400.0
2026-02-03T20:00:00+00:00,2204.1,2349.0,2187.2,2232.65,6326221.0
2026-02-04T00:00:00+00:00,2232.6,2295.3,2222.85,2282.65,4122249.0
2026-02-04T04:00:00+00:00,2282.65,2293.0,2255.7,2283.45,4869364.0
2026-02-04T08:00:00+00:00,2283.35,2285.5,2225.95,2254.1,6901537.0
2026-02-04T12:00:00+00:00,2254.55,2262.5,2135.4,2150.8,16265055.0
2026-02-04T16:00:00+00:00,2150.9,2195.0,2074.05,2188.25,21448884.0
2026-02-04T20:00:00+00:00,2187.85,2192.45,2087.4,2147.75,4212051.0
2026-02-05T00:00:00+00:00,2147.05,2173.45,2098.1,2109.6,4948570.0
2026-02-05T04:00:00+00:00,2109.9,2125.45,2065.35,2090.45,8747238.0
2026-02-05T08:00:00+00:00,2091.05,2149.85,2060.4,2079.05,9709227.0
2026-02-05T12:00:00+00:00,2079.1,2105.75,1925.65,1959.45,22654636.0
2026-02-05T16:00:00+00:00,1959.95,2017.5,1912.8,1927.55,19189447.0
2026-02-05T20:00:00+00:00,1927.8,1942.3,1815.0,1826.0,8895310.0
2026-02-06T00:00:00+00:00,1825.35,1947.55,1740.5,1891.5,9305506.0
2026-02-06T04:00:00+00:00,1891.5,1975.25,1885.5,1898.3,10776813.0
2026-02-06T08:00:00+00:00,1898.5,1938.75,1865.65,1932.2,10820373.0
2026-02-06T12:00:00+00:00,1931.9,2002.35,1914.35,1979.9,16003423.0
2026-02-06T16:00:00+00:00,1979.6,2090.0,1970.3,2065.4,18347880.0
2026-02-06T20:00:00+00:00,2065.6,2094.45,2041.8,2062.9,3976879.0
2026-02-07T00:00:00+00:00,2062.9,2085.55,2032.15,2080.1,3614677.0
2026-02-07T04:00:00+00:00,2080.05,2118.8,1994.0,2026.45,12267884.0
2026-02-07T08:00:00+00:00,2026.45,2031.85,1999.1,2018.0,7177332.0
2026-02-07T12:00:00+00:00,2018.0,2075.4,2009.4,2051.95,14073292.0
2026-02-07T16:00:00+00:00,2051.85,2124.95,2011.3,2090.6,12144796.0
2026-02-07T20:00:00+00:00,2090.25,2114.6,2072.4,2086.3,2333842.0
2026-02-08T00:00:00+00:00,2087.7,2106.45,2076.05,2078.25,2932151.0
2026-02-08T04:00:00+00:00,2078.25,2088.2,2066.0,2083.85,4255560.0
2026-02-08T08:00:00+00:00,2083.85,2137.45,2077.0,2131.35,9451729.0
2026-02-08T12:00:00+00:00,2131.8,2144.8,2096.45,2107.7,8596727.0
2026-02-08T16:00:00+00:00,2107.8,2129.35,2071.65,2126.05,7912847.0
2026-02-08T20:00:00+00:00,2126.15,2151.65,2071.2,2088.95,3618516.0
2026-02-09T00:00:00+00:00,2088.8,2102.8,2054.15,2099.4,3852034.0
2026-02-09T04:00:00+00:00,2099.5,2101.35,2063.7,2064.9,4564024.0
2026-02-09T08:00:00+00:00,2064.8,2069.65,2012.75,2027.9,8690821.0
2026-02-09T12:00:00+00:00,2027.9,2072.85,2008.4,2061.25,14001396.0
2026-02-09T16:00:00+00:00,2060.75,2143.3,2046.75,2131.15,13940235.0
2026-02-09T20:00:00+00:00,2129.3,2148.4,2087.85,2104.45,2567546.0
2026-02-10T00:00:00+00:00,2104.35,2124.05,2050.45,2064.2,3415586.0
2026-02-10T04:00:00+00:00,2064.1,2073.8,1996.4,2006.3,6755499.0
2026-02-10T08:00:00+00:00,2006.55,2029.05,1993.7,2002.25,6691830.0
2026-02-10T12:00:00+00:00,2002.25,2039.2,1987.15,2021.75,11848525.0
2026-02-10T16:00:00+00:00,2021.7,2046.2,1994.6,2017.2,9997121.0
2026-02-10T20:00:00+00:00,2017.0,2022.0,1996.0,2021.95,1733208.0
2026-02-11T00:00:00+00:00,2021.45,2031.3,1996.7,2008.8,2809671.0
2026-02-11T04:00:00+00:00,2008.8,2010.6,1937.45,1949.9,8583331.0
2026-02-11T08:00:00+00:00,1950.1,1955.8,1930.95,1952.95,5807719.0
2026-02-11T12:00:00+00:00,1952.7,2015.85,1901.8,1928.45,18300794.0
2026-02-11T16:00:00+00:00,1928.35,1959.2,1907.9,1951.6,13662307.0
2026-02-11T20:00:00+00:00,1951.35,1987.55,1931.35,1941.0,3019998.0
2026-02-12T00:00:00+00:00,1940.6,1977.3,1940.6,1968.15,2891690.0
2026-02-12T04:00:00+00:00,1968.15,1982.6,1952.55,1967.3,5766908.0
2026-02-12T08:00:00+00:00,1968.6,2000.5,1956.45,1988.2,6904947.0
2026-02-12T12:00:00+00:00,1988.2,1995.95,1944.3,1947.9,12732569.0
2026-02-12T16:00:00+00:00,1947.95,1949.35,1896.15,1924.7,15053519.0
2026-02-12T20:00:00+00:00,1924.8,1952.35,1908.65,1947.5,2399844.0
2026-02-13T00:00:00+00:00,1946.35,1957.95,1927.05,1952.8,2721699.0
2026-02-13T04:00:00+00:00,1952.9,1955.2,1923.9,1935.3,5544541.0
2026-02-13T08:00:00+00:00,1935.3,1968.55,1933.2,1959.7,6359719.0
2026-02-13T12:00:00+00:00,1959.55,2050.0,1951.9,2034.25,14869887.0
2026-02-13T16:00:00+00:00,2034.25,2072.8,2030.55,2057.25,9298028.0
2026-02-13T20:00:00+00:00,2057.05,2059.15,2038.9,2047.9,1873051.0
2026-02-14T00:00:00+00:00,2048.35,2057.35,2041.85,2053.85,1069289.0
2026-02-14T04:00:00+00:00,2053.85,2060.15,2047.6,2056.45,1882257.0
2026-02-14T08:00:00+00:00,2056.55,2107.15,2056.3,2098.7,6934179.0
2026-02-14T12:00:00+00:00,2098.55,2099.45,2064.0,2086.75,8481607.0
2026-02-14T16:00:00+00:00,2086.85,2090.0,2066.8,2087.7,4889344.0
2026-02-14T20:00:00+00:00,2087.8,2098.3,2077.75,2085.75,1515964.0
2026-02-15T00:00:00+00:00,2085.8,2089.3,2035.3,2058.4,3895982.0
2026-02-15T04:00:00+00:00,2058.45,2103.2,2058.45,2091.05,5798711.0
2026-02-15T08:00:00+00:00,2091.05,2096.45,2053.75,2061.45,5632420.0
2026-02-15T12:00:00+00:00,2061.35,2067.9,1992.7,2010.85,9069220.0
2026-02-15T16:00:00+00:00,2010.75,2010.8,1928.1,1941.5,9500452.0
2026-02-15T20:00:00+00:00,1941.5,1973.9,1933.6,1965.4,2208250.0
2026-02-16T00:00:00+00:00,1965.4,1980.5,1947.7,1958.15,2391866.0
2026-02-16T04:00:00+00:00,1958.2,1978.1,1952.2,1970.45,4425389.0
2026-02-16T08:00:00+00:00,1970.5,1992.6,1956.3,1975.45,6454895.0
2026-02-16T12:00:00+00:00,1975.45,2023.45,1936.35,1955.75,15254597.0
2026-02-16T16:00:00+00:00,1956.0,1988.3,1955.6,1973.7,7572583.0
2026-02-16T20:00:00+00:00,1973.7,2003.65,1970.5,1997.7,1926445.0
2026-02-17T00:00:00+00:00,1997.8,2008.2,1980.0,1985.2,3036032.0
2026-02-17T04:00:00+00:00,1985.2,1997.95,1963.85,1985.15,4294095.0
2026-02-17T08:00:00+00:00,1985.15,1990.35,1960.95,1967.85,4356787.0
2026-02-17T12:00:00+00:00,1967.9,2002.7,1940.6,1968.15,11816128.0
2026-02-17T16:00:00+00:00,1968.05,2015.25,1953.15,1997.65,14093129.0
2026-02-17T20:00:00+00:00,1997.65,2003.7,1986.65,1990.95,1508256.0
2026-02-18T00:00:00+00:00,1991.1,1999.8,1967.6,1996.15,2466174.0
2026-02-18T04:00:00+00:00,1997.0,2022.45,1992.5,2017.65,4178366.0
2026-02-18T08:00:00+00:00,2017.75,2038.75,1975.6,1980.35,7170676.0
2026-02-18T12:00:00+00:00,1980.5,2010.0,1953.55,1985.05,11521174.0
2026-02-18T16:00:00+00:00,1985.0,1987.3,1922.25,1940.25,10601459.0
2026-02-18T20:00:00+00:00,1940.4,1955.8,1934.75,1955.35,1871087.0
2026-02-19T00:00:00+00:00,1955.2,1973.85,1949.45,1971.6,2101673.0
2026-02-19T04:00:00+00:00,1971.6,1987.2,1963.35,1981.25,3341117.0
2026-02-19T08:00:00+00:00,1981.15,1982.0,1947.75,1949.05,4788779.0
2026-02-19T12:00:00+00:00,1949.0,1955.5,1910.7,1925.5,12332563.0
2026-02-19T16:00:00+00:00,1925.45,1947.35,1905.9,1940.65,9933967.0
2026-02-19T20:00:00+00:00,1940.25,1952.5,1934.0,1948.5,1379370.0
2026-02-20T00:00:00+00:00,1948.3,1964.15,1946.7,1954.5,1848888.0
2026-02-20T04:00:00+00:00,1954.5,1968.15,1929.85,1960.1,4482254.0
2026-02-20T08:00:00+00:00,1960.05,1973.0,1939.55,1943.2,4717685.0
2026-02-20T12:00:00+00:00,1943.5,1980.55,1921.95,1963.4,12039334.0
2026-02-20T16:00:00+00:00,1963.4,1981.0,1938.1,1963.3,10168167.0
2026-02-20T20:00:00+00:00,1963.3,1974.65,1961.1,1968.4,1349119.0
2026-02-21T00:00:00+00:00,1968.3,1970.4,1955.4,1958.7,1409041.0
2026-02-21T04:00:00+00:00,1958.7,1965.85,1955.55,1962.45,1899373.0
2026-02-21T08:00:00+00:00,1962.35,1988.3,1961.6,1976.55,4229923.0
2026-02-21T12:00:00+00:00,1976.65,1995.75,1968.7,1987.35,5400610.0
2026-02-21T16:00:00+00:00,1987.45,1994.95,1975.45,1987.8,3799941.0
2026-02-21T20:00:00+00:00,1987.8,1987.8,1970.25,1972.95,1117135.0
2026-02-22T00:00:00+00:00,1972.75,1982.75,1966.35,1974.2,1648056.0
2026-02-22T04:00:00+00:00,1974.2,1979.0,1970.4,1975.55,1472792.0
2026-02-22T08:00:00+00:00,1975.35,1982.8,1969.55,1980.25,1912332.0
2026-02-22T12:00:00+00:00,1980.25,1981.0,1942.75,1953.25,5827046.0
2026-02-22T16:00:00+00:00,1953.15,1955.0,1934.05,1943.1,3625864.0
2026-02-22T20:00:00+00:00,1943.25,1960.4,1939.25,1957.45,1282612.0
2026-02-23T00:00:00+00:00,1957.5,1957.75,1845.4,1861.35,6075286.0
2026-02-23T04:00:00+00:00,1861.3,1888.2,1852.35,1884.55,4117111.0
2026-02-23T08:00:00+00:00,1884.45,1927.75,1876.0,1914.75,6894459.0
2026-02-23T12:00:00+00:00,1914.65,1935.85,1892.0,1895.05,10464204.0
2026-02-23T16:00:00+00:00,1895.15,1899.7,1836.4,1856.4,12550291.0
2026-02-23T20:00:00+00:00,1856.55,1869.4,1846.35,1856.05,2054510.0
2026-02-24T00:00:00+00:00,1855.9,1869.25,1810.85,1831.25,4134819.0
2026-02-24T04:00:00+00:00,1831.4,1839.55,1813.05,1825.05,5034885.0
2026-02-24T08:00:00+00:00,1825.15,1835.85,1814.15,1826.15,3490005.0
2026-02-24T12:00:00+00:00,1826.05,1849.7,1800.85,1846.8,10385224.0
2026-02-24T16:00:00+00:00,1846.8,1864.65,1837.5,1851.85,9085802.0
2026-02-24T20:00:00+00:00,1852.0,1863.7,1844.9,1851.4,1370771.0
2026-02-25T00:00:00+00:00,1851.5,1942.75,1846.05,1905.7,5218472.0
2026-02-25T04:00:00+00:00,1905.7,1913.9,1877.4,1892.7,5100375.0
2026-02-25T08:00:00+00:00,1892.8,1928.0,1889.5,1925.9,5214218.0
2026-02-25T12:00:00+00:00,1925.55,2027.65,1921.65,2013.1,15005901.0
2026-02-25T16:00:00+00:00,2013.35,2085.45,2012.55,2070.65,14289762.0
2026-02-25T20:00:00+00:00,2070.9,2148.8,2033.7,2057.0,5154067.0
2026-02-26T00:00:00+00:00,2057.0,2076.05,2038.55,2053.6,4117794.0
2026-02-26T04:00:00+00:00,2053.75,2082.4,2050.95,2052.85,4823758.0
2026-02-26T08:00:00+00:00,2052.85,2083.1,2044.05,2056.9,4813961.0
2026-02-26T12:00:00+00:00,2057.0,2077.8,2010.8,2032.7,9916351.0
2026-02-26T16:00:00+00:00,2032.8,2037.2,1975.0,2029.5,11964290.0
2026-02-26T20:00:00+00:00,2029.5,2042.0,2017.4,2027.1,1773230.0
2026-02-27T00:00:00+00:00,2027.1,2049.1,2000.45,2044.85,3092659.0
2026-02-27T04:00:00+00:00,2044.95,2063.5,2021.4,2032.0,4874553.0
2026-02-27T08:00:00+00:00,2032.0,2045.7,1952.7,1961.55,10073822.0
2026-02-27T12:00:00+00:00,1961.2,1968.25,1938.2,1947.85,11945998.0
2026-02-27T16:00:00+00:00,1947.45,1948.15,1906.35,1920.2,11791983.0
2026-02-27T20:00:00+00:00,1920.45,1933.0,1886.0,1928.85,2914495.0
2026-02-28T00:00:00+00:00,1928.65,1936.25,1918.1,1923.65,2170285.0
2026-02-28T04:00:00+00:00,1923.75,1930.75,1834.45,1866.05,12440346.0
2026-02-28T08:00:00+00:00,1865.75,1880.45,1844.05,1862.5,9098589.0
2026-02-28T12:00:00+00:00,1862.6,1915.55,1861.45,1898.1,13210608.0
2026-02-28T16:00:00+00:00,1898.1,1954.15,1885.95,1946.2,11547878.0
2026-02-28T20:00:00+00:00,1946.15,1984.65,1937.85,1964.2,5464515.0
2026-03-01T00:00:00+00:00,1963.9,2054.75,1943.55,2022.65,7120526.0
2026-03-01T04:00:00+00:00,2022.8,2030.0,1988.55,2006.65,7906855.0
2026-03-01T08:00:00+00:00,2006.8,2009.75,1971.55,1982.7,8484458.0
2026-03-01T12:00:00+00:00,1982.7,2027.45,1968.1,1992.65,10697986.0
2026-03-01T16:00:00+00:00,1992.65,2009.0,1945.65,1953.3,12044435.0
2026-03-01T20:00:00+00:00,1953.0,1973.4,1906.35,1938.5,5467467.0
2026-03-02T00:00:00+00:00,1938.65,1988.95,1936.75,1971.7,4732571.0
2026-03-02T04:00:00+00:00,1971.7,1984.35,1924.6,1940.7,5947217.0
2026-03-02T08:00:00+00:00,1940.85,1966.3,1918.4,1947.0,7978412.0
2026-03-02T12:00:00+00:00,1946.8,2065.25,1920.5,2046.75,17480238.0
2026-03-02T16:00:00+00:00,2046.8,2089.4,2016.95,2042.9,14363855.0
2026-03-02T20:00:00+00:00,2042.25,2058.25,2023.85,2027.15,3243421.0
2026-03-03T00:00:00+00:00,2027.2,2041.0,1997.0,2008.05,4246068.0
2026-03-03T04:00:00+00:00,2008.25,2018.85,1987.0,1995.5,6535055.0
2026-03-03T08:00:00+00:00,1995.4,2000.1,1938.35,1960.5,11595037.0
2026-03-03T12:00:00+00:00,1960.4,1989.6,1926.55,1968.7,16369227.0
2026-03-03T16:00:00+00:00,1968.4,2013.8,1957.9,1985.55,16440264.0
2026-03-03T20:00:00+00:00,1986.0,2001.35,1958.6,1982.25,2608236.0
2026-03-04T00:00:00+00:00,1982.25,1998.3,1944.0,1960.2,3944513.0
2026-03-04T04:00:00+00:00,1959.95,2010.35,1949.5,2006.1,5946650.0
2026-03-04T08:00:00+00:00,2006.1,2093.0,1999.7,2054.65,11620558.0
2026-03-04T12:00:00+00:00,2054.0,2156.95,2035.9,2149.65,14200008.0
2026-03-04T16:00:00+00:00,2149.5,2198.95,2128.6,2176.85,12157396.0
2026-03-04T20:00:00+00:00,2176.85,2179.15,2115.7,2127.15,3168270.0
2026-03-05T00:00:00+00:00,2127.8,2141.3,2106.9,2119.5,3433608.0
2026-03-05T04:00:00+00:00,2119.4,2144.25,2095.2,2104.7,5626115.0
2026-03-05T08:00:00+00:00,2104.65,2163.2,2093.1,2137.25,8183556.0
2026-03-05T12:00:00+00:00,2137.5,2142.45,2067.0,2086.45,11961428.0
2026-03-05T16:00:00+00:00,2086.45,2094.15,2053.95,2074.0,10087093.0
2026-03-05T20:00:00+00:00,2074.35,2099.2,2069.45,2072.35,2572920.0
2026-03-06T00:00:00+00:00,2072.5,2092.85,2061.5,2083.25,2463994.0
2026-03-06T04:00:00+00:00,2083.35,2087.0,2058.4,2082.15,4736440.0
2026-03-06T08:00:00+00:00,2082.25,2082.25,2045.05,2050.5,6748599.0
2026-03-06T12:00:00+00:00,2050.4,2062.2,1965.0,1976.75,16268577.0
2026-03-06T16:00:00+00:00,1976.6,1992.25,1955.05,1982.95,9822923.0
2026-03-06T20:00:00+00:00,1983.05,1989.0,1968.95,1978.3,1845365.0
2026-03-07T00:00:00+00:00,1978.1,1995.9,1971.75,1979.45,2068751.0
2026-03-07T04:00:00+00:00,1979.55,1983.9,1963.75,1982.45,3615361.0
2026-03-07T08:00:00+00:00,1982.6,1993.95,1974.4,1987.95,3989577.0
2026-03-07T12:00:00+00:00,1987.85,1990.25,1969.35,1980.5,5213852.0
2026-03-07T16:00:00+00:00,1980.55,1983.2,1947.15,1954.35,4733127.0
2026-03-07T20:00:00+00:00,1954.35,1973.45,1954.0,1968.7,1872422.0
2026-03-08T00:00:00+00:00,1968.7,1976.6,1934.65,1946.75,2710147.0
2026-03-08T04:00:00+00:00,1946.75,1959.75,1928.9,1954.4,4592411.0
2026-03-08T08:00:00+00:00,1954.5,1979.35,1943.65,1950.6,6196920.0
2026-03-08T12:00:00+00:00,1950.6,1954.4,1923.5,1942.55,7232278.0
2026-03-08T16:00:00+00:00,1942.35,1969.0,1927.2,1963.65,4847174.0
2026-03-08T20:00:00+00:00,1963.65,1970.6,1908.5,1936.4,2995174.0
2026-03-09T00:00:00+00:00,1936.55,2004.85,1928.45,1976.95,5201494.0
2026-03-09T04:00:00+00:00,1977.0,2013.8,1962.65,1983.15,6785006.0
2026-03-09T08:00:00+00:00,1983.3,2022.25,1978.2,1991.8,7906321.0
2026-03-09T12:00:00+00:00,1992.0,2032.6,1991.8,2021.9,10692612.0
2026-03-09T16:00:00+00:00,2021.8,2053.3,2005.15,2033.85,8986965.0
2026-03-09T20:00:00+00:00,2033.4,2036.9,1989.0,1993.0,2463502.0
2026-03-10T00:00:00+00:00,1992.6,2054.55,1990.55,2026.0,4101402.0
2026-03-10T04:00:00+00:00,2026.0,2058.65,2025.7,2050.45,4161269.0
2026-03-10T08:00:00+00:00,2050.6,2074.3,2050.6,2061.25,4803356.0
2026-03-10T12:00:00+00:00,2061.45,2085.45,2008.1,2078.8,13715679.0
2026-03-10T16:00:00+00:00,2078.85,2087.9,2026.35,2036.4,9664829.0
2026-03-10T20:00:00+00:00,2036.3,2048.0,2017.7,2035.85,1755431.0
2026-03-11T00:00:00+00:00,2035.95,2041.4,2017.4,2020.75,2309591.0
2026-03-11T04:00:00+00:00,2020.65,2041.1,2006.35,2011.95,5163075.0
2026-03-11T08:00:00+00:00,2012.0,2033.6,2008.85,2017.35,4860044.0
2026-03-11T12:00:00+00:00,2017.3,2082.1,2012.1,2049.3,15177862.0
2026-03-11T16:00:00+00:00,2049.15,2085.35,2045.7,2075.4,8682723.0
2026-03-11T20:00:00+00:00,2075.55,2084.55,2044.85,2051.7,1863244.0
2026-03-12T00:00:00+00:00,2051.75,2057.6,2016.75,2022.8,3347219.0
2026-03-12T04:00:00+00:00,2022.65,2041.55,2018.55,2040.2,3568773.0
2026-03-12T08:00:00+00:00,2040.2,2076.15,2037.4,2062.15,6166902.0
2026-03-12T12:00:00+00:00,2062.4,2094.8,2037.0,2071.85,13386165.0
2026-03-12T16:00:00+00:00,2071.75,2077.7,2044.4,2068.9,7275867.0
2026-03-12T20:00:00+00:00,2068.75,2093.25,2055.1,2073.1,1954407.0
2026-03-13T00:00:00+00:00,2072.7,2148.15,2069.5,2118.25,5433442.0
2026-03-13T04:00:00+00:00,2118.15,2119.65,2089.35,2098.8,3989906.0
2026-03-13T08:00:00+00:00,2098.9,2132.3,2090.55,2120.5,5901518.0
2026-03-13T12:00:00+00:00,2120.4,2208.85,2119.7,2127.5,14967691.0
2026-03-13T16:00:00+00:00,2127.55,2142.8,2090.0,2102.0,10211688.0
2026-03-13T20:00:00+00:00,2102.25,2116.4,2077.75,2091.55,2055868.0
2026-03-14T00:00:00+00:00,2091.5,2102.45,2080.6,2100.45,2027744.0
2026-03-14T04:00:00+00:00,2100.45,2105.3,2067.45,2076.8,4118626.0
2026-03-14T08:00:00+00:00,2076.65,2080.4,2060.6,2073.1,3555937.0
2026-03-14T12:00:00+00:00,2073.0,2079.95,2068.45,2074.15,3739871.0
2026-03-14T16:00:00+00:00,2073.65,2078.75,2068.4,2076.75,1696114.0
2026-03-14T20:00:00+00:00,2076.95,2098.5,2075.25,2095.75,1637598.0
2026-03-15T00:00:00+00:00,2095.6,2107.35,2082.25,2095.65,2321909.0
2026-03-15T04:00:00+00:00,2095.65,2115.55,2095.6,2105.45,3204546.0
2026-03-15T08:00:00+00:00,2105.45,2123.05,2105.35,2119.1,3248219.0
2026-03-15T12:00:00+00:00,2119.1,2119.4,2085.8,2093.4,5166887.0
2026-03-15T16:00:00+00:00,2093.4,2117.8,2088.0,2112.7,4876094.0
2026-03-15T20:00:00+00:00,2112.55,2203.0,2109.2,2178.1,4755776.0
2026-03-16T00:00:00+00:00,2178.2,2253.6,2164.45,2235.6,5469210.0
2026-03-16T04:00:00+00:00,2235.5,2288.35,2235.5,2248.9,7165204.0
2026-03-16T08:00:00+00:00,2249.0,2279.6,2235.0,2269.4,6548732.0
2026-03-16T12:00:00+00:00,2269.35,2308.35,2254.25,2272.85,13519649.0
2026-03-16T16:00:00+00:00,2272.85,2348.0,2269.1,2330.3,10919281.0
2026-03-16T20:00:00+00:00,2330.4,2385.55,2322.8,2352.2,3751460.0
2026-03-17T00:00:00+00:00,2352.2,2376.65,2307.3,2319.65,4737465.0
2026-03-17T04:00:00+00:00,2319.65,2337.3,2294.0,2327.15,5712226.0
2026-03-17T08:00:00+00:00,2327.25,2334.75,2303.6,2326.25,5242184.0
2026-03-17T12:00:00+00:00,2326.15,2357.0,2303.45,2315.2,9737801.0
2026-03-17T16:00:00+00:00,2315.1,2342.45,2311.5,2319.65,6068454.0
2026-03-17T20:00:00+00:00,2319.85,2344.1,2315.95,2316.85,1614525.0
2026-03-18T00:00:00+00:00,2316.95,2349.55,2306.65,2340.15,2487909.0
2026-03-18T04:00:00+00:00,2340.15,2341.5,2311.15,2317.05,3297926.0
2026-03-18T08:00:00+00:00,2317.1,2333.2,2262.4,2268.55,6510658.0
2026-03-18T12:00:00+00:00,2268.5,2270.25,2168.3,2186.65,14814452.0
2026-03-18T16:00:00+00:00,2186.75,2219.15,2165.6,2185.3,10812471.0
2026-03-18T20:00:00+00:00,2184.8,2206.35,2152.0,2202.35,2887577.0
2026-03-19T00:00:00+00:00,2202.45,2233.15,2186.65,2211.35,3349367.0
2026-03-19T04:00:00+00:00,2211.35,2212.45,2142.15,2165.6,6258931.0
2026-03-19T08:00:00+00:00,2165.65,2191.25,2157.2,2166.35,5348483.0
2026-03-19T12:00:00+00:00,2166.45,2166.85,2098.0,2118.0,13717356.0
2026-03-19T16:00:00+00:00,2118.0,2156.45,2103.8,2140.6,8100610.0
2026-03-19T20:00:00+00:00,2140.45,2154.9,2130.0,2137.05,1835993.0
2026-03-20T00:00:00+00:00,2136.95,2160.15,2131.65,2150.65,3097511.0
2026-03-20T04:00:00+00:00,2150.55,2158.8,2120.9,2149.7,5568129.0
2026-03-20T08:00:00+00:00,2149.7,2176.0,2130.5,2140.75,6918315.0
2026-03-20T12:00:00+00:00,2141.1,2152.55,2115.9,2133.55,9847237.0
2026-03-20T16:00:00+00:00,2133.55,2144.45,2116.65,2131.7,6165397.0
2026-03-20T20:00:00+00:00,2132.25,2167.75,2123.2,2145.55,2326374.0
2026-03-21T00:00:00+00:00,2145.5,2159.45,2143.25,2152.8,1342995.0
2026-03-21T04:00:00+00:00,2152.9,2161.05,2149.45,2154.85,2524225.0
2026-03-21T08:00:00+00:00,2154.85,2158.7,2148.55,2156.9,1939364.0
2026-03-21T12:00:00+00:00,2157.0,2168.0,2145.6,2154.65,4122947.0
2026-03-21T16:00:00+00:00,2154.65,2155.35,2141.35,2151.65,2835657.0
2026-03-21T20:00:00+00:00,2151.45,2156.6,2069.35,2083.85,1917137.0
2026-03-22T00:00:00+00:00,2083.5,2126.75,2048.65,2113.35,4634898.0
2026-03-22T04:00:00+00:00,2113.2,2122.3,2092.5,2093.3,4156517.0
2026-03-22T08:00:00+00:00,2093.3,2095.5,2066.25,2069.35,5596747.0
2026-03-22T12:00:00+00:00,2069.35,2092.3,2067.45,2082.45,5139033.0
2026-03-22T16:00:00+00:00,2082.65,2084.15,2053.35,2062.45,3722721.0
2026-03-22T20:00:00+00:00,2062.45,2073.3,2024.9,2053.25,3442334.0
2026-03-23T00:00:00+00:00,2053.65,2072.2,2034.85,2051.9,3336993.0
2026-03-23T04:00:00+00:00,2051.9,2071.8,2021.8,2043.65,5919813.0
2026-03-23T08:00:00+00:00,2044.0,2199.45,2028.2,2134.35,10793845.0
2026-03-23T12:00:00+00:00,2134.45,2192.45,2106.95,2127.9,14125017.0
2026-03-23T16:00:00+00:00,2128.0,2178.0,2116.95,2154.1,9425531.0
2026-03-23T20:00:00+00:00,2154.95,2166.0,2140.6,2151.4,1455106.0
2026-03-24T00:00:00+00:00,2151.5,2155.6,2123.95,2140.8,2490254.0
2026-03-24T04:00:00+00:00,2141.05,2170.3,2127.95,2164.8,4435015.0
2026-03-24T08:00:00+00:00,2164.95,2174.85,2146.25,2165.2,5740000.0
2026-03-24T12:00:00+00:00,2165.3,2169.9,2119.05,2134.55,9256903.0
2026-03-24T16:00:00+00:00,2134.5,2140.35,2102.5,2116.7,7646439.0
2026-03-24T20:00:00+00:00,2116.25,2163.35,2115.2,2155.65,2845839.0
2026-03-25T00:00:00+00:00,2155.8,2168.35,2145.7,2157.85,2950699.0
2026-03-25T04:00:00+00:00,2157.95,2179.2,2155.95,2164.1,3865773.0
2026-03-25T08:00:00+00:00,2164.1,2198.75,2163.55,2185.5,5234055.0
2026-03-25T12:00:00+00:00,2185.6,2197.75,2146.5,2162.15,10250050.0
2026-03-25T16:00:00+00:00,2162.15,2185.55,2155.3,2172.0,7222120.0
2026-03-25T20:00:00+00:00,2172.2,2182.8,2158.4,2168.55,1258476.0
2026-03-26T00:00:00+00:00,2168.25,2171.75,2142.85,2152.6,2719867.0
2026-03-26T04:00:00+00:00,2152.55,2154.15,2111.15,2122.85,5313361.0
2026-03-26T08:00:00+00:00,2122.85,2126.25,2061.45,2067.8,6607375.0
2026-03-26T12:00:00+00:00,2067.9,2093.45,2051.1,2069.9,8784072.0
2026-03-26T16:00:00+00:00,2069.9,2070.45,2033.7,2048.35,7332795.0
2026-03-26T20:00:00+00:00,2048.4,2080.0,2045.45,2059.55,2122048.0
2026-03-27T00:00:00+00:00,2059.6,2076.5,2055.9,2060.8,2041117.0
2026-03-27T04:00:00+00:00,2060.8,2071.85,2042.1,2065.4,4150518.0
2026-03-27T08:00:00+00:00,2065.3,2069.0,1981.05,1990.55,8217146.0
2026-03-27T12:00:00+00:00,1990.65,2009.95,1967.8,1990.45,10081389.0
2026-03-27T16:00:00+00:00,1990.55,1997.4,1973.7,1990.9,7801645.0
2026-03-27T20:00:00+00:00,1990.95,1995.65,1979.45,1992.05,1049164.0
2026-03-28T00:00:00+00:00,1991.75,1994.6,1981.75,1988.25,1278980.0
2026-03-28T04:00:00+00:00,1988.4,2007.9,1986.05,2006.4,3116700.0
2026-03-28T08:00:00+00:00,2006.4,2007.95,1991.9,1996.7,3305562.0
2026-03-28T12:00:00+00:00,1996.75,2044.95,1991.15,2026.0,7276572.0
2026-03-28T16:00:00+00:00,2026.25,2029.7,2015.65,2020.0,2814174.0
2026-03-28T20:00:00+00:00,2020.0,2026.0,1988.5,1993.9,2059076.0
2026-03-29T00:00:00+00:00,1993.8,2019.3,1990.7,2010.5,2150109.0
2026-03-29T04:00:00+00:00,2010.5,2012.35,1996.65,2005.35,3450756.0
2026-03-29T08:00:00+00:00,2005.45,2007.55,1990.7,2003.0,3334886.0
2026-03-29T12:00:00+00:00,2003.0,2004.45,1982.75,1992.2,4793260.0
2026-03-29T16:00:00+00:00,1992.2,2003.4,1986.95,1995.35,2784022.0
2026-03-29T20:00:00+00:00,1995.35,2009.55,1937.1,1983.4,3267343.0
2026-03-30T00:00:00+00:00,1984.4,2043.15,1979.05,2035.35,4741145.0
2026-03-30T04:00:00+00:00,2035.35,2066.1,2035.35,2059.35,4745325.0
2026-03-30T08:00:00+00:00,2059.15,2079.55,2048.0,2070.85,5583460.0
2026-03-30T12:00:00+00:00,2070.9,2084.3,2043.55,2073.9,9661072.0
2026-03-30T16:00:00+00:00,2073.85,2074.45,2012.35,2023.3,9757583.0
2026-03-30T20:00:00+00:00,2023.4,2048.7,2013.15,2026.15,2104301.0
2026-03-31T00:00:00+00:00,2026.25,2092.8,2015.7,2066.3,4300855.0
2026-03-31T04:00:00+00:00,2066.35,2071.9,2041.35,2055.45,5321763.0
2026-03-31T08:00:00+00:00,2055.65,2059.0,2011.6,2040.7,8541720.0
2026-03-31T12:00:00+00:00,2040.7,2091.85,2034.6,2054.05,14883070.0
2026-03-31T16:00:00+00:00,2053.9,2124.2,2053.7,2095.8,11619936.0
2026-03-31T20:00:00+00:00,2096.3,2109.4,2087.4,2104.85,1850151.0
2026-04-01T00:00:00+00:00,2104.6,2117.0,2081.85,2102.4,3447449.0
2026-04-01T04:00:00+00:00,2102.35,2157.25,2099.4,2130.6,7225630.0
2026-04-01T08:00:00+00:00,2130.35,2142.55,2124.75,2134.85,5248590.0
2026-04-01T12:00:00+00:00,2134.7,2145.45,2100.3,2134.5,9534166.0
2026-04-01T16:00:00+00:00,2134.3,2167.55,2122.75,2140.45,8844136.0
2026-04-01T20:00:00+00:00,2140.9,2164.9,2129.75,2139.2,2153926.0
2026-04-02T00:00:00+00:00,2138.6,2158.5,2044.4,2055.1,6796193.0
2026-04-02T04:00:00+00:00,2055.4,2057.85,2037.75,2055.25,4191979.0
2026-04-02T08:00:00+00:00,2055.1,2055.1,2023.4,2032.5,4640165.0
2026-04-02T12:00:00+00:00,2032.7,2071.7,2015.9,2058.85,11999632.0
2026-04-02T16:00:00+00:00,2058.9,2076.25,2042.5,2064.85,8039501.0
2026-04-02T20:00:00+00:00,2065.05,2073.9,2052.75,2056.35,1756732.0
2026-04-03T00:00:00+00:00,2057.0,2062.25,2039.85,2053.3,3432246.0
2026-04-03T04:00:00+00:00,2053.4,2074.95,2046.5,2065.25,4556284.0
2026-04-03T08:00:00+00:00,2065.4,2071.7,2052.3,2062.35,5278756.0
2026-04-03T12:00:00+00:00,2062.25,2078.3,2040.95,2050.8,6682803.0
2026-04-03T16:00:00+00:00,2050.7,2056.3,2043.0,2051.95,2719674.0
2026-04-03T20:00:00+00:00,2051.8,2060.6,2048.65,2053.3,886114.0
2026-04-04T00:00:00+00:00,2053.25,2053.45,2047.15,2049.6,744062.0
2026-04-04T04:00:00+00:00,2049.55,2057.75,2047.9,2053.1,1331699.0
2026-04-04T08:00:00+00:00,2053.2,2054.95,2046.65,2051.5,1489145.0
2026-04-04T12:00:00+00:00,2051.45,2061.1,2043.5,2055.65,2888742.0
2026-04-04T16:00:00+00:00,2055.65,2083.6,2052.0,2064.15,3364361.0
2026-04-04T20:00:00+00:00,2064.25,2071.7,2059.15,2064.9,946167.0
2026-04-05T00:00:00+00:00,2064.8,2065.05,2053.4,2056.05,1201594.0
2026-04-05T04:00:00+00:00,2056.15,2057.65,2026.7,2036.6,4219080.0
2026-04-05T08:00:00+00:00,2036.4,2052.4,2034.95,2041.3,2516705.0
2026-04-05T12:00:00+00:00,2041.35,2069.55,2021.2,2053.5,7201159.0
2026-04-05T16:00:00+00:00,2053.6,2069.25,2048.0,2061.35,3821375.0
2026-04-05T20:00:00+00:00,2061.45,2123.15,2049.0,2109.65,3280937.0
2026-04-06T00:00:00+00:00,2109.9,2147.7,2109.9,2128.75,4324554.0
2026-04-06T04:00:00+00:00,2128.9,2140.95,2119.45,2134.4,3912165.0
2026-04-06T08:00:00+00:00,2134.75,2174.4,2132.9,2151.0,4920824.0
2026-04-06T12:00:00+00:00,2151.0,2169.1,2136.95,2163.8,7960286.0
2026-04-06T16:00:00+00:00,2163.8,2168.0,2122.7,2143.9,8291453.0
2026-04-06T20:00:00+00:00,2144.35,2154.65,2087.2,2106.65,2595767.0
2026-04-07T00:00:00+00:00,2106.4,2119.75,2092.45,2107.65,3050619.0
2026-04-07T04:00:00+00:00,2107.6,2118.7,2096.0,2103.45,3030619.0
2026-04-07T08:00:00+00:00,2103.35,2133.5,2081.3,2088.95,6471679.0
2026-04-07T12:00:00+00:00,2088.95,2092.8,2060.0,2079.65,8814007.0
2026-04-07T16:00:00+00:00,2079.75,2116.65,2076.8,2113.6,8620064.0
2026-04-07T20:00:00+00:00,2114.0,2273.4,2109.9,2239.6,6895176.0
2026-04-08T00:00:00+00:00,2239.5,2250.7,2227.7,2234.25,3131312.0
2026-04-08T04:00:00+00:00,2234.35,2260.1,2234.25,2253.05,3629315.0
2026-04-08T08:00:00+00:00,2253.25,2262.9,2237.55,2247.0,4272123.0
2026-04-08T12:00:00+00:00,2246.9,2270.0,2186.65,2215.0,11282565.0
2026-04-08T16:00:00+00:00,2214.3,2239.05,2196.95,2211.2,9030626.0
2026-04-08T20:00:00+00:00,2210.35,2222.3,2178.8,2189.2,2073794.0
2026-04-09T00:00:00+00:00,2189.35,2193.6,2161.0,2181.7,2866921.0
2026-04-09T04:00:00+00:00,2181.8,2188.6,2174.65,2180.35,2428416.0
2026-04-09T08:00:00+00:00,2180.35,2196.2,2175.5,2179.5,3653679.0
2026-04-09T12:00:00+00:00,2179.45,2225.15,2156.5,2217.45,11249196.0
2026-04-09T16:00:00+00:00,2217.35,2228.6,2192.25,2215.8,10605303.0
2026-04-09T20:00:00+00:00,2216.05,2245.9,2182.45,2189.3,2447887.0
2026-04-10T00:00:00+00:00,2189.5,2203.45,2175.8,2185.55,2448571.0
2026-04-10T04:00:00+00:00,2185.55,2202.8,2175.65,2179.1,3299465.0
2026-04-10T08:00:00+00:00,2179.2,2223.7,2176.2,2215.2,4698611.0
2026-04-10T12:00:00+00:00,2215.1,2257.35,2207.25,2223.7,10391833.0
2026-04-10T16:00:00+00:00,2224.0,2255.3,2220.4,2252.35,6072883.0
2026-04-10T20:00:00+00:00,2252.3,2256.45,2234.9,2244.4,1764503.0
2026-04-11T00:00:00+00:00,2244.3,2251.3,2233.55,2236.3,1657076.0
2026-04-11T04:00:00+00:00,2236.4,2242.25,2227.6,2232.15,2331667.0
2026-04-11T08:00:00+00:00,2232.35,2248.7,2183.4,2245.4,2894008.0
2026-04-11T12:00:00+00:00,2245.4,2255.35,2232.45,2248.85,3203170.0
2026-04-11T16:00:00+00:00,2248.85,2330.0,2245.55,2315.75,7464253.0
2026-04-11T20:00:00+00:00,2315.75,2316.85,2275.95,2284.4,2594744.0
2026-04-12T00:00:00+00:00,2284.4,2288.0,2206.05,2213.1,4713673.0
2026-04-12T04:00:00+00:00,2213.1,2220.35,2207.6,2217.4,2772107.0
2026-04-12T08:00:00+00:00,2217.5,2218.45,2192.95,2203.75,3184217.0
2026-04-12T12:00:00+00:00,2203.3,2207.6,2174.05,2185.65,5010772.0
2026-04-12T16:00:00+00:00,2185.45,2204.65,2182.05,2197.65,1648859.0
2026-04-12T20:00:00+00:00,2197.65,2217.75,2183.15,2191.0,2393223.0
2026-04-13T00:00:00+00:00,2190.85,2208.25,2186.8,2193.75,2257655.0
2026-04-13T04:00:00+00:00,2193.75,2202.0,2181.5,2185.9,3191152.0
2026-04-13T08:00:00+00:00,2185.9,2195.1,2178.6,2186.65,2934274.0
2026-04-13T12:00:00+00:00,2186.65,2235.85,2175.0,2208.45,11927735.0
2026-04-13T16:00:00+00:00,2208.55,2268.45,2198.95,2261.9,10084412.0
2026-04-13T20:00:00+00:00,2261.75,2395.65,2246.7,2369.25,5518818.0
2026-04-14T00:00:00+00:00,2370.0,2377.85,2354.55,2365.1,3025846.0
2026-04-14T04:00:00+00:00,2365.3,2389.15,2354.2,2377.4,4583307.0
2026-04-14T08:00:00+00:00,2377.4,2395.55,2367.0,2373.55,5803407.0
2026-04-14T12:00:00+00:00,2373.55,2415.2,2332.35,2363.85,13002112.0
2026-04-14T16:00:00+00:00,2363.75,2370.8,2302.2,2312.8,10191022.0
2026-04-14T20:00:00+00:00,2313.0,2331.4,2307.85,2321.7,1932685.0
2026-04-15T00:00:00+00:00,2321.35,2342.2,2317.0,2328.1,2505936.0
2026-04-15T04:00:00+00:00,2328.1,2337.4,2307.55,2316.05,3531797.0
2026-04-15T08:00:00+00:00,2315.95,2338.95,2311.5,2336.75,4649102.0
2026-04-15T12:00:00+00:00,2336.75,2349.25,2316.6,2331.65,8342675.0
2026-04-15T16:00:00+00:00,2330.9,2385.0,2328.45,2373.7,8437432.0
2026-04-15T20:00:00+00:00,2374.35,2380.3,2347.6,2359.3,2528803.0
2026-04-16T00:00:00+00:00,2359.4,2368.85,2344.35,2357.0,2080364.0
2026-04-16T04:00:00+00:00,2357.0,2363.35,2334.8,2340.9,2367512.0
2026-04-16T08:00:00+00:00,2340.85,2347.6,2327.5,2334.95,3834087.0
2026-04-16T12:00:00+00:00,2334.95,2350.95,2283.4,2338.0,12277025.0
2026-04-16T16:00:00+00:00,2338.55,2361.2,2308.7,2358.9,7820530.0
2026-04-16T20:00:00+00:00,2359.25,2364.15,2334.1,2347.35,1749441.0
2026-04-17T00:00:00+00:00,2347.15,2350.35,2323.0,2324.9,1858641.0
2026-04-17T04:00:00+00:00,2324.9,2340.9,2315.65,2333.25,3020503.0
2026-04-17T08:00:00+00:00,2333.2,2376.5,2331.9,2353.6,6766270.0
2026-04-17T12:00:00+00:00,2353.65,2456.3,2348.0,2440.75,14414506.0
2026-04-17T16:00:00+00:00,2440.7,2463.7,2414.1,2426.3,8738402.0
2026-04-17T20:00:00+00:00,2427.2,2441.25,2414.25,2417.65,1619032.0
2026-04-18T00:00:00+00:00,2417.35,2426.65,2398.0,2404.0,2046791.0
2026-04-18T04:00:00+00:00,2403.95,2412.35,2398.25,2402.4,2382891.0
2026-04-18T08:00:00+00:00,2402.35,2403.85,2341.7,2351.45,7433225.0
2026-04-18T12:00:00+00:00,2351.6,2368.45,2343.55,2362.0,4687699.0
2026-04-18T16:00:00+00:00,2361.95,2374.25,2337.75,2347.05,4912346.0
2026-04-18T20:00:00+00:00,2347.0,2358.5,2343.3,2348.95,901445.0
2026-04-19T00:00:00+00:00,2349.0,2354.05,2330.8,2338.6,2072667.0
2026-04-19T04:00:00+00:00,2338.65,2345.0,2294.85,2314.3,4795976.0
2026-04-19T08:00:00+00:00,2314.15,2329.35,2304.35,2327.55,3942729.0
2026-04-19T12:00:00+00:00,2328.0,2348.9,2314.35,2329.45,6468930.0
2026-04-19T16:00:00+00:00,2329.5,2329.75,2268.0,2298.6,6524417.0
2026-04-19T20:00:00+00:00,2298.65,2299.0,2251.1,2262.0,2934363.0
2026-04-20T00:00:00+00:00,2262.0,2293.0,2258.95,2285.1,2352028.0
2026-04-20T04:00:00+00:00,2285.05,2331.7,2262.15,2296.85,6062191.0
2026-04-20T08:00:00+00:00,2296.85,2319.2,2288.2,2306.8,5046539.0
2026-04-20T12:00:00+00:00,2307.1,2325.5,2277.25,2312.75,8971906.0
2026-04-20T16:00:00+00:00,2313.0,2343.3,2296.5,2330.4,6219360.0
2026-04-20T20:00:00+00:00,2330.0,2345.9,2306.1,2312.55,1987599.0
2026-04-21T00:00:00+00:00,2313.0,2325.0,2298.65,2310.15,2100669.0
2026-04-21T04:00:00+00:00,2310.15,2327.0,2302.9,2316.95,2704756.0
2026-04-21T08:00:00+00:00,2317.0,2337.9,2312.6,2318.95,3924492.0
2026-04-21T12:00:00+00:00,2319.2,2326.55,2289.25,2309.3,8232721.0
2026-04-21T16:00:00+00:00,2309.4,2330.5,2284.0,2297.0,7861311.0
2026-04-21T20:00:00+00:00,2297.1,2328.65,2294.55,2326.1,1585144.0
2026-04-22T00:00:00+00:00,2326.5,2379.0,2311.55,2362.65,3924011.0
2026-04-22T04:00:00+00:00,2362.65,2413.25,2357.25,2389.2,4926829.0
2026-04-22T08:00:00+00:00,2389.2,2399.85,2381.9,2397.6,2895913.0
2026-04-22T12:00:00+00:00,2397.6,2422.5,2389.95,2402.7,7876392.0
2026-04-22T16:00:00+00:00,2402.85,2412.65,2383.45,2396.8,5641159.0
2026-04-22T20:00:00+00:00,2396.75,2405.25,2372.6,2373.0,1460798.0
2026-04-23T00:00:00+00:00,2373.25,2381.55,2330.15,2339.6,3755944.0
2026-04-23T04:00:00+00:00,2339.65,2357.5,2336.0,2342.85,3133759.0
2026-04-23T08:00:00+00:00,2342.8,2343.75,2303.65,2327.95,4796408.0
2026-04-23T12:00:00+00:00,2327.95,2342.75,2314.15,2332.2,5699778.0
2026-04-23T16:00:00+00:00,2332.15,2334.5,2283.6,2311.5,6762123.0
2026-04-23T20:00:00+00:00,2311.55,2337.6,2311.55,2328.95,1301461.0
2026-04-24T00:00:00+00:00,2330.15,2336.3,2299.7,2307.15,2261905.0
2026-04-24T04:00:00+00:00,2307.1,2316.2,2298.5,2310.45,2250909.0
2026-04-24T08:00:00+00:00,2310.4,2331.0,2302.0,2326.75,3640910.0
2026-04-24T12:00:00+00:00,2327.0,2330.3,2300.0,2322.7,6009302.0
2026-04-24T16:00:00+00:00,2322.75,2324.05,2307.25,2320.35,3161406.0
2026-04-24T20:00:00+00:00,2319.95,2327.25,2305.55,2313.85,908264.0
2026-04-25T00:00:00+00:00,2313.7,2320.15,2310.0,2317.55,688110.0
2026-04-25T04:00:00+00:00,2317.5,2318.25,2312.05,2315.4,829719.0
2026-04-25T08:00:00+00:00,2315.15,2322.35,2309.55,2312.45,1860724.0
2026-04-25T12:00:00+00:00,2312.45,2317.95,2300.65,2306.6,1576058.0
2026-04-25T16:00:00+00:00,2306.6,2313.0,2299.55,2308.85,1850050.0
2026-04-25T20:00:00+00:00,2308.9,2319.6,2307.8,2318.25,618895.0
2026-04-26T00:00:00+00:00,2318.25,2318.45,2304.95,2308.6,812220.0
2026-04-26T04:00:00+00:00,2308.65,2335.05,2307.6,2330.25,2385558.0
2026-04-26T08:00:00+00:00,2330.25,2337.05,2328.2,2334.8,1541705.0
2026-04-26T12:00:00+00:00,2334.75,2351.55,2323.85,2347.0,3072541.0
2026-04-26T16:00:00+00:00,2347.0,2375.9,2339.1,2366.15,3754291.0
2026-04-26T20:00:00+00:00,2366.45,2379.15,2347.15,2368.3,1725093.0
2026-04-27T00:00:00+00:00,2368.8,2403.4,2357.7,2393.65,3190163.0
2026-04-27T04:00:00+00:00,2393.65,2394.95,2310.1,2314.55,6321671.0
2026-04-27T08:00:00+00:00,2314.5,2324.4,2307.45,2318.75,2505362.0
2026-04-27T12:00:00+00:00,2318.5,2328.6,2263.85,2273.65,8099476.0
2026-04-27T16:00:00+00:00,2273.6,2291.0,2268.7,2287.75,4246158.0
2026-04-27T20:00:00+00:00,2287.9,2307.3,2283.05,2302.3,1042464.0
2026-04-28T00:00:00+00:00,2302.25,2309.45,2279.5,2289.5,2138167.0
2026-04-28T04:00:00+00:00,2289.5,2298.9,2268.25,2286.5,2845202.0
2026-04-28T08:00:00+00:00,2286.7,2290.85,2269.3,2274.4,2929872.0
2026-04-28T12:00:00+00:00,2274.4,2284.9,2256.85,2278.5,5827732.0
2026-04-28T16:00:00+00:00,2278.55,2304.8,2273.0,2300.95,3850681.0
2026-04-28T20:00:00+00:00,2301.0,2304.95,2282.85,2288.35,967032.0
2026-04-29T00:00:00+00:00,2288.4,2315.7,2278.0,2310.55,2554363.0
2026-04-29T04:00:00+00:00,2310.5,2342.0,2308.05,2322.85,4121418.0
2026-04-29T08:00:00+00:00,2323.25,2346.15,2320.0,2330.6,3951541.0
2026-04-29T12:00:00+00:00,2330.55,2331.0,2262.0,2271.8,8359921.0
2026-04-29T16:00:00+00:00,2271.55,2285.0,2218.8,2232.5,8744368.0
2026-04-29T20:00:00+00:00,2233.1,2263.8,2229.2,2251.55,1710937.0
2026-04-30T00:00:00+00:00,2251.5,2277.9,2234.5,2251.8,3248835.0
2026-04-30T04:00:00+00:00,2251.8,2261.3,2230.15,2258.95,3439909.0
2026-04-30T08:00:00+00:00,2259.0,2272.6,2250.95,2257.2,4006046.0
2026-04-30T12:00:00+00:00,2257.15,2274.55,2245.05,2264.6,6997635.0
2026-04-30T16:00:00+00:00,2264.6,2266.2,2250.25,2260.8,3561157.0
2026-04-30T20:00:00+00:00,2260.95,2266.25,2250.9,2256.35,865358.0
2026-05-01T00:00:00+00:00,2256.55,2294.65,2256.15,2281.6,3068907.0
2026-05-01T04:00:00+00:00,2281.9,2285.85,2271.0,2278.5,3423327.0
2026-05-01T08:00:00+00:00,2278.65,2292.4,2275.65,2285.35,3390381.0
2026-05-01T12:00:00+00:00,2285.4,2324.45,2282.65,2306.9,8989453.0
2026-05-01T16:00:00+00:00,2306.55,2313.5,2296.95,2303.9,4174540.0
2026-05-01T20:00:00+00:00,2304.0,2304.95,2278.0,2294.3,2296239.0
2026-05-02T00:00:00+00:00,2294.35,2307.2,2291.4,2303.1,1472686.0
2026-05-02T04:00:00+00:00,2303.1,2305.25,2295.25,2299.75,1882876.0
2026-05-02T08:00:00+00:00,2299.8,2306.95,2297.55,2301.0,1468551.0
2026-05-02T12:00:00+00:00,2301.0,2311.0,2299.9,2307.9,1926980.0
2026-05-02T16:00:00+00:00,2307.9,2312.8,2302.5,2310.15,1870737.0
2026-05-02T20:00:00+00:00,2310.15,2342.0,2308.45,2315.95,2060294.0
2026-05-03T00:00:00+00:00,2315.9,2316.55,2298.0,2300.7,2049116.0
2026-05-03T04:00:00+00:00,2300.5,2313.05,2295.9,2308.2,2120571.0
2026-05-03T08:00:00+00:00,2308.2,2327.15,2306.1,2318.9,2865561.0
2026-05-03T12:00:00+00:00,2319.0,2333.0,2319.0,2327.2,3043366.0
2026-05-03T16:00:00+00:00,2327.45,2337.3,2321.2,2334.65,2859791.0
2026-05-03T20:00:00+00:00,2334.5,2356.25,2313.25,2321.65,3278793.0
2026-05-04T00:00:00+00:00,2321.3,2390.9,2308.0,2384.1,6113548.0
2026-05-04T04:00:00+00:00,2384.1,2398.5,2353.05,2361.8,4278989.0
2026-05-04T08:00:00+00:00,2361.75,2369.85,2313.05,2336.2,6854243.0
2026-05-04T12:00:00+00:00,2336.2,2380.75,2324.4,2348.55,8701324.0
2026-05-04T16:00:00+00:00,2348.7,2378.85,2335.05,2355.25,4720903.0
2026-05-04T20:00:00+00:00,2354.8,2365.0,2343.5,2346.15,926560.0
2026-05-05T00:00:00+00:00,2346.25,2388.45,2344.0,2380.95,2397049.0
2026-05-05T04:00:00+00:00,2381.1,2389.8,2365.9,2379.4,3073409.0
2026-05-05T08:00:00+00:00,2379.15,2383.25,2365.2,2378.65,2736410.0
2026-05-05T12:00:00+00:00,2378.65,2398.65,2366.7,2379.8,6944450.0
2026-05-05T16:00:00+00:00,2379.85,2382.0,2358.0,2370.55,4079985.0
2026-05-05T20:00:00+00:00,2370.5,2387.9,2352.45,2359.5,1940502.0
2026-05-06T00:00:00+00:00,2359.15,2379.9,2352.7,2375.3,1932289.0
2026-05-06T04:00:00+00:00,2375.3,2378.15,2352.75,2370.5,2488180.0
2026-05-06T08:00:00+00:00,2370.55,2422.5,2368.15,2408.95,6971354.0
2026-05-06T12:00:00+00:00,2409.0,2412.65,2344.25,2357.7,8883334.0
2026-05-06T16:00:00+00:00,2357.75,2367.0,2335.65,2347.1,4226579.0
2026-05-06T20:00:00+00:00,2348.1,2356.05,2337.0,2349.7,1141111.0
2026-05-07T00:00:00+00:00,2349.65,2351.3,2311.45,2320.9,3060882.0
2026-05-07T04:00:00+00:00,2320.9,2346.05,2316.05,2343.3,3310812.0
2026-05-07T08:00:00+00:00,2343.3,2345.65,2316.15,2329.05,3424909.0
2026-05-07T12:00:00+00:00,2328.8,2335.9,2284.05,2293.45,6915739.0
2026-05-07T16:00:00+00:00,2293.5,2303.5,2278.45,2294.85,4196054.0
2026-05-07T20:00:00+00:00,2294.95,2301.55,2279.6,2289.9,998458.0
2026-05-08T00:00:00+00:00,2290.9,2293.2,2264.1,2277.7,2268595.0
2026-05-08T04:00:00+00:00,2277.7,2283.65,2266.0,2279.85,2405316.0
2026-05-08T08:00:00+00:00,2279.95,2296.25,2278.6,2293.95,3498694.0
2026-05-08T12:00:00+00:00,2293.85,2301.05,2268.25,2292.35,6063837.0
2026-05-08T16:00:00+00:00,2292.4,2320.55,2285.15,2315.3,5551952.0
2026-05-08T20:00:00+00:00,2315.4,2318.1,2302.25,2306.25,1012184.0
2026-05-09T00:00:00+00:00,2306.25,2319.75,2303.35,2314.2,1436060.0
2026-05-09T04:00:00+00:00,2314.4,2324.7,2309.65,2313.5,2082164.0
2026-05-09T08:00:00+00:00,2313.5,2319.45,2309.05,2313.75,1219511.0
2026-05-09T12:00:00+00:00,2313.75,2317.6,2298.25,2316.6,2846175.0
2026-05-09T16:00:00+00:00,2316.6,2337.85,2314.2,2331.1,4318204.0
2026-05-09T20:00:00+00:00,2331.2,2332.7,2323.5,2325.2,597090.0
2026-05-10T00:00:00+00:00,2325.4,2332.35,2317.15,2326.85,1382728.0
2026-05-10T04:00:00+00:00,2326.85,2331.25,2325.05,2326.3,758479.0
2026-05-10T08:00:00+00:00,2326.4,2332.9,2317.65,2321.6,1694197.0
2026-05-10T12:00:00+00:00,2321.6,2350.95,2319.65,2346.75,2976796.0
2026-05-10T16:00:00+00:00,2346.85,2367.6,2339.05,2364.65,4733749.0
2026-05-10T20:00:00+00:00,2364.55,2381.95,2310.1,2370.25,4002844.0
2026-05-11T00:00:00+00:00,2370.4,2373.95,2318.7,2329.2,3149800.0
2026-05-11T04:00:00+00:00,2329.15,2342.0,2325.05,2329.6,2291523.0
2026-05-11T08:00:00+00:00,2329.75,2338.95,2325.55,2334.7,1936914.0
2026-05-11T12:00:00+00:00,2334.8,2338.1,2302.75,2332.45,6102607.0
2026-05-11T16:00:00+00:00,2332.45,2343.65,2322.45,2339.45,4844141.0
2026-05-11T20:00:00+00:00,2339.5,2345.1,2333.8,2338.7,864290.0
2026-05-12T00:00:00+00:00,2338.7,2339.85,2293.55,2308.25,2915480.0
2026-05-12T04:00:00+00:00,2308.25,2313.5,2290.4,2294.1,2583131.0
2026-05-12T08:00:00+00:00,2294.15,2295.15,2277.05,2285.9,3434476.0
2026-05-12T12:00:00+00:00,2285.7,2294.05,2255.35,2260.85,6534566.0
2026-05-12T16:00:00+00:00,2261.05,2286.5,2255.3,2283.9,3873563.0
2026-05-12T20:00:00+00:00,2284.1,2290.3,2272.5,2273.6,861375.0
2026-05-13T00:00:00+00:00,2273.7,2302.8,2271.95,2300.45,1974195.0
2026-05-13T04:00:00+00:00,2300.65,2308.25,2294.4,2300.1,2103241.0
2026-05-13T08:00:00+00:00,2300.25,2322.65,2298.0,2300.7,4294129.0
2026-05-13T12:00:00+00:00,2300.65,2306.6,2233.0,2235.35,8840828.0
2026-05-13T16:00:00+00:00,2235.4,2267.6,2234.25,2255.7,4441754.0
2026-05-13T20:00:00+00:00,2256.3,2263.55,2249.8,2257.6,772689.0
2026-05-14T00:00:00+00:00,2257.85,2268.85,2237.15,2241.0,2359209.0
2026-05-14T04:00:00+00:00,2241.25,2274.45,2238.2,2264.2,3014374.0
2026-05-14T08:00:00+00:00,2264.2,2270.0,2251.25,2252.8,3132174.0
2026-05-14T12:00:00+00:00,2252.65,2299.0,2245.0,2297.35,7458798.0
2026-05-14T16:00:00+00:00,2297.35,2318.65,2292.25,2297.5,6567747.0
2026-05-14T20:00:00+00:00,2298.2,2300.55,2279.0,2282.05,1355750.0
2026-05-15T00:00:00+00:00,2282.25,2299.4,2259.6,2272.35,2909908.0
2026-05-15T04:00:00+00:00,2272.45,2273.0,2236.25,2263.85,4293438.0
2026-05-15T08:00:00+00:00,2264.05,2264.2,2248.5,2256.4,2699598.0
2026-05-15T12:00:00+00:00,2256.1,2259.75,2203.75,2222.0,7784624.0
2026-05-15T16:00:00+00:00,2222.0,2232.15,2217.55,2222.0,3018330.0
2026-05-15T20:00:00+00:00,2222.7,2225.65,2213.4,2223.65,764649.0
2026-05-16T00:00:00+00:00,2223.4,2230.95,2222.35,2226.95,764712.0
2026-05-16T04:00:00+00:00,2226.7,2227.95,2180.3,2193.6,4122854.0
2026-05-16T08:00:00+00:00,2193.6,2196.05,2161.25,2175.3,4481137.0
2026-05-16T12:00:00+00:00,2175.3,2187.4,2171.4,2179.0,2838642.0
2026-05-16T16:00:00+00:00,2179.0,2184.65,2169.35,2178.7,2238504.0
2026-05-16T20:00:00+00:00,2178.75,2183.05,2178.15,2179.5,264533.0
2026-05-17T00:00:00+00:00,2180.25,2185.0,2166.65,2180.65,1585022.0
2026-05-17T04:00:00+00:00,2180.55,2194.25,2179.95,2185.25,2594236.0
2026-05-17T08:00:00+00:00,2185.45,2197.5,2181.8,2191.2,2114236.0
2026-05-17T12:00:00+00:00,2191.2,2197.45,2177.3,2185.45,2688923.0
2026-05-17T16:00:00+00:00,2185.65,2192.8,2175.2,2191.5,2444750.0
2026-05-17T20:00:00+00:00,2191.5,2194.05,2089.0,2129.95,2681834.0
2026-05-18T00:00:00+00:00,2130.0,2130.95,2103.3,2117.6,2959086.0
2026-05-18T04:00:00+00:00,2117.6,2124.9,2108.7,2119.45,2347736.0
2026-05-18T08:00:00+00:00,2119.55,2139.25,2109.4,2133.05,2556848.0
2026-05-18T12:00:00+00:00,2133.3,2156.5,2092.6,2106.65,9390427.0
2026-05-18T16:00:00+00:00,2106.7,2127.95,2075.4,2124.35,6823991.0
2026-05-18T20:00:00+00:00,2124.7,2141.9,2113.65,2129.05,1718081.0
2026-05-19T00:00:00+00:00,2129.35,2146.4,2118.4,2130.45,2365260.0
2026-05-19T04:00:00+00:00,2130.45,2144.3,2122.3,2139.95,2012901.0
2026-05-19T08:00:00+00:00,2140.2,2140.6,2105.7,2109.8,3988396.0
2026-05-19T12:00:00+00:00,2109.65,2126.8,2093.2,2109.3,6197395.0
2026-05-19T16:00:00+00:00,2109.45,2124.5,2106.15,2112.35,3478489.0
2026-05-19T20:00:00+00:00,2112.35,2119.85,2101.35,2110.95,737274.0
2026-05-20T00:00:00+00:00,2110.7,2118.25,2101.9,2110.7,1348285.0
2026-05-20T04:00:00+00:00,2110.9,2135.75,2106.0,2128.75,2670950.0
2026-05-20T08:00:00+00:00,2128.8,2137.6,2123.15,2127.35,2369703.0
2026-05-20T12:00:00+00:00,2127.35,2148.2,2112.75,2135.7,7008932.0
2026-05-20T16:00:00+00:00,2135.8,2148.0,2122.7,2138.05,3807029.0
2026-05-20T20:00:00+00:00,2138.25,2139.95,2117.2,2128.65,998610.0
2026-05-21T00:00:00+00:00,2128.55,2156.65,2127.7,2144.85,2114779.0
2026-05-21T04:00:00+00:00,2144.85,2147.95,2123.2,2134.05,2581496.0
2026-05-21T08:00:00+00:00,2134.15,2147.6,2108.4,2114.15,4302996.0
2026-05-21T12:00:00+00:00,2114.3,2137.3,2104.15,2131.35,5686218.0
2026-05-21T16:00:00+00:00,2131.35,2152.85,2120.45,2142.05,6110899.0
2026-05-21T20:00:00+00:00,2142.6,2142.6,2126.15,2132.75,714834.0
2026-05-22T00:00:00+00:00,2133.25,2140.75,2124.5,2136.85,1062975.0
2026-05-22T04:00:00+00:00,2136.85,2140.6,2121.0,2127.45,2001948.0
2026-05-22T08:00:00+00:00,2127.55,2132.65,2118.05,2129.7,2491159.0
2026-05-22T12:00:00+00:00,2129.7,2137.4,2111.2,2118.5,4166496.0
2026-05-22T16:00:00+00:00,2118.4,2129.3,2056.6,2064.7,6067741.0
2026-05-22T20:00:00+00:00,2064.45,2078.85,2056.2,2064.9,1303999.0
2026-05-23T00:00:00+00:00,2065.15,2071.15,2051.85,2069.95,1283110.0
2026-05-23T04:00:00+00:00,2069.85,2070.3,2007.0,2027.45,3322633.0
2026-05-23T08:00:00+00:00,2027.55,2034.7,2019.9,2030.45,2504645.0
2026-05-23T12:00:00+00:00,2030.45,2067.95,2026.1,2059.5,4879835.0
2026-05-23T16:00:00+00:00,2059.5,2082.75,2056.35,2079.4,3366605.0
2026-05-23T20:00:00+00:00,2128.45,2149.4,2102.15,2116.8,2324600.0
2026-05-24T00:00:00+00:00,2117.25,2126.8,2112.3,2118.0,1351963.0
2026-05-24T04:00:00+00:00,2118.6,2129.45,2112.75,2120.2,2055950.0
2026-05-24T08:00:00+00:00,2120.3,2130.9,2117.95,2125.0,1591099.0
2026-05-24T12:00:00+00:00,2125.15,2125.5,2078.05,2095.1,4179753.0
2026-05-24T16:00:00+00:00,2095.1,2108.25,2094.1,2099.95,2585806.0
2026-05-24T20:00:00+00:00,2099.95,2106.0,2061.2,2098.7,2390968.0
2026-05-25T00:00:00+00:00,2099.0,2113.1,2091.45,2094.65,1889530.0
2026-05-25T04:00:00+00:00,2094.65,2117.1,2091.05,2115.35,2615437.0
2026-05-25T08:00:00+00:00,2115.35,2123.75,2110.6,2113.95,1963508.0
2026-05-25T12:00:00+00:00,2113.85,2137.7,2111.2,2126.0,3722016.0
2026-05-25T16:00:00+00:00,2126.1,2141.5,2115.5,2120.6,3081095.0
2026-05-25T20:00:00+00:00,2120.25,2122.5,2101.25,2111.7,1471812.0
2026-05-26T00:00:00+00:00,2112.15,2113.0,2083.4,2092.35,2429585.0
2026-05-26T04:00:00+00:00,2092.5,2104.2,2087.65,2094.2,2427291.0
2026-05-26T08:00:00+00:00,2094.6,2136.8,2092.8,2120.05,4080319.0
2026-05-26T12:00:00+00:00,2120.15,2139.7,2077.25,2086.1,8561252.0
2026-05-26T16:00:00+00:00,2086.3,2088.85,2053.5,2073.45,5398132.0
2026-05-26T20:00:00+00:00,2073.7,2078.0,2064.7,2072.75,828108.0
2026-05-27T00:00:00+00:00,2073.65,2083.6,2067.45,2068.75,1506840.0
2026-05-27T04:00:00+00:00,2068.85,2083.5,2055.05,2082.65,2879118.0
2026-05-27T08:00:00+00:00,2082.75,2095.9,2077.1,2079.55,3554029.0
2026-05-27T12:00:00+00:00,2079.65,2096.7,2051.0,2070.95,7575567.0
2026-05-27T16:00:00+00:00,2070.95,2073.85,2042.1,2056.6,5050662.0
2026-05-27T20:00:00+00:00,2056.65,2065.45,2014.75,2023.8,2122679.0
2026-05-28T00:00:00+00:00,2023.6,2028.4,1970.75,1980.85,4010139.0
2026-05-28T04:00:00+00:00,1980.75,1995.7,1965.45,1994.3,4226676.0
2026-05-28T08:00:00+00:00,1994.45,1997.65,1983.45,1988.7,3708523.0
2026-05-28T12:00:00+00:00,1988.8,2001.85,1966.2,1990.3,7646356.0
2026-05-28T16:00:00+00:00,1989.3,2029.6,1984.05,2013.75,5850140.0
2026-05-28T20:00:00+00:00,2013.75,2023.55,2004.4,2009.0,1528477.0
2026-05-29T00:00:00+00:00,2009.25,2016.35,1996.35,2002.15,1918771.0
2026-05-29T04:00:00+00:00,2002.15,2020.75,1997.4,2006.6,3260831.0
2026-05-29T08:00:00+00:00,2006.6,2015.5,2001.25,2006.7,2933436.0
2026-05-29T12:00:00+00:00,2006.7,2046.0,1975.45,2030.9,9842790.0
2026-05-29T16:00:00+00:00,2031.4,2043.75,2003.7,2015.9,6950449.0
2026-05-29T20:00:00+00:00,2016.1,2023.4,2005.75,2013.45,1311565.0
2026-05-30T00:00:00+00:00,2013.45,2022.95,2009.45,2016.0,1173957.0
2026-05-30T04:00:00+00:00,2015.9,2019.8,2000.95,2015.3,3135942.0
2026-05-30T08:00:00+00:00,2015.4,2021.5,2012.6,2016.6,1450026.0
2026-05-30T12:00:00+00:00,2016.65,2031.5,2016.1,2026.0,3019164.0
2026-05-30T16:00:00+00:00,2025.9,2029.7,2018.2,2027.95,2147810.0
2026-05-30T20:00:00+00:00,2028.0,2030.75,2019.2,2021.4,797566.0
2026-05-31T00:00:00+00:00,2021.95,2037.8,2019.85,2032.65,1651570.0
2026-05-31T04:00:00+00:00,2032.65,2034.25,2021.5,2023.1,1610134.0
2026-05-31T08:00:00+00:00,2023.15,2028.5,2014.35,2022.2,2385329.0
2026-05-31T12:00:00+00:00,2022.2,2025.7,2004.5,2009.5,3463787.0
2026-05-31T16:00:00+00:00,2009.4,2011.55,1993.0,1998.85,3523667.0
2026-05-31T20:00:00+00:00,1999.1,2022.45,1999.05,2006.4,2059469.0
2026-06-01T00:00:00+00:00,2006.6,2020.8,1990.45,2008.55,3341103.0
2026-06-01T04:00:00+00:00,2008.45,2011.45,1970.25,1975.55,4469361.0
2026-06-01T08:00:00+00:00,1975.45,1989.55,1971.1,1980.7,3177546.0
2026-06-01T12:00:00+00:00,1981.0,1993.7,1954.75,1967.7,9161291.0
2026-06-01T16:00:00+00:00,1967.5,2008.2,1957.75,2004.0,6641670.0
2026-06-01T20:00:00+00:00,2004.0,2008.75,1983.85,2006.1,2209434.0
2026-06-02T00:00:00+00:00,2006.4,2006.55,1961.45,2003.3,4178865.0
2026-06-02T04:00:00+00:00,2003.4,2006.0,1972.85,1980.95,4675974.0
2026-06-02T08:00:00+00:00,1980.9,1988.45,1965.7,1977.5,3400753.0
2026-06-02T12:00:00+00:00,1977.5,1982.2,1888.3,1914.15,11760512.0
2026-06-02T16:00:00+00:00,1914.1,1943.4,1880.0,1911.55,8764702.0
2026-06-02T20:00:00+00:00,1911.75,1917.9,1837.35,1859.0,5271234.0
2026-06-03T00:00:00+00:00,1859.05,1873.4,1816.1,1827.2,5262045.0
2026-06-03T04:00:00+00:00,1827.25,1883.7,1826.95,1877.65,5949618.0
2026-06-03T08:00:00+00:00,1877.5,1892.35,1869.2,1877.6,4440666.0
2026-06-03T12:00:00+00:00,1877.6,1879.7,1835.0,1836.0,8034565.0
2026-06-03T16:00:00+00:00,1836.0,1843.35,1794.2,1802.5,9492433.0
2026-06-03T20:00:00+00:00,1801.0,1851.45,1768.0,1812.55,5287415.0
2026-06-04T00:00:00+00:00,1812.15,1819.95,1716.15,1808.45,8378741.0
2026-06-04T04:00:00+00:00,1808.75,1817.35,1772.4,1776.55,6132903.0
2026-06-04T08:00:00+00:00,1776.3,1782.65,1729.0,1750.75,9280362.0
2026-06-04T12:00:00+00:00,1750.65,1793.6,1743.25,1775.95,11577508.0
2026-06-04T16:00:00+00:00,1775.85,1786.45,1753.35,1776.1,6559836.0
2026-06-04T20:00:00+00:00,1775.95,1782.35,1751.7,1770.0,2069040.0
2026-06-05T00:00:00+00:00,1769.5,1774.4,1721.4,1729.0,4676525.0
2026-06-05T04:00:00+00:00,1729.15,1747.05,1622.35,1678.25,13642023.0
2026-06-05T08:00:00+00:00,1678.3,1689.3,1658.25,1662.35,6737871.0
2026-06-05T12:00:00+00:00,1662.35,1677.1,1571.2,1582.35,17376992.0
2026-06-05T16:00:00+00:00,1582.15,1612.2,1539.1,1573.45,19363145.0
2026-06-05T20:00:00+00:00,1573.15,1618.7,1556.4,1582.4,6557907.0
2026-06-06T00:00:00+00:00,1582.25,1600.55,1554.1,1562.4,5454656.0
2026-06-06T04:00:00+00:00,1562.0,1581.05,1504.1,1574.5,13883480.0
2026-06-06T08:00:00+00:00,1574.5,1592.95,1534.75,1557.7,10882529.0
2026-06-06T12:00:00+00:00,1557.8,1574.6,1543.65,1559.8,8980612.0
2026-06-06T16:00:00+00:00,1559.8,1565.75,1545.85,1553.8,5376083.0
2026-06-06T20:00:00+00:00,1553.35,1569.0,1550.05,1568.6,1852295.0
2026-06-07T00:00:00+00:00,1568.55,1599.85,1563.0,1594.05,4372954.0
2026-06-07T04:00:00+00:00,1594.05,1622.95,1583.85,1614.25,7602911.0
2026-06-07T08:00:00+00:00,1614.25,1647.8,1607.4,1629.45,9728382.0
2026-06-07T12:00:00+00:00,1629.35,1639.45,1606.0,1629.15,9851197.0
2026-06-07T16:00:00+00:00,1629.25,1637.0,1602.25,1611.9,6409852.0
2026-06-07T20:00:00+00:00,1611.7,1721.2,1608.1,1689.35,4475719.0
2026-06-08T00:00:00+00:00,1689.65,1710.8,1670.2,1679.0,4324477.0
2026-06-08T04:00:00+00:00,1679.0,1680.3,1644.05,1672.8,6614105.0
2026-06-08T08:00:00+00:00,1672.55,1696.3,1656.1,1683.0,7201762.0
2026-06-08T12:00:00+00:00,1683.0,1705.4,1666.7,1690.65,9365852.0
2026-06-08T16:00:00+00:00,1690.6,1703.0,1674.85,1683.6,6940446.0
2026-06-08T20:00:00+00:00,1684.45,1714.0,1678.0,1689.4,3182466.0
2026-06-09T00:00:00+00:00,1689.2,1695.9,1653.45,1668.7,4450469.0
2026-06-09T04:00:00+00:00,1668.45,1696.0,1663.35,1679.15,4580818.0
2026-06-09T08:00:00+00:00,1679.15,1679.9,1663.75,1670.9,3889768.0
2026-06-09T12:00:00+00:00,1670.4,1682.6,1632.8,1635.5,11349283.0
2026-06-09T16:00:00+00:00,1635.4,1658.0,1613.2,1656.45,11024572.0
2026-06-09T20:00:00+00:00,1656.65,1662.9,1629.5,1638.7,2468009.0
2026-06-10T00:00:00+00:00,1639.0,1646.2,1620.7,1629.95,3185126.0
2026-06-10T04:00:00+00:00,1629.95,1642.95,1615.3,1639.4,4183165.0
2026-06-10T08:00:00+00:00,1639.3,1640.15,1605.1,1619.15,6915156.0
2026-06-10T12:00:00+00:00,1619.2,1667.1,1615.0,1657.15,12660723.0
2026-06-10T16:00:00+00:00,1657.05,1657.95,1621.5,1629.15,7424438.0
2026-06-10T20:00:00+00:00,1629.05,1635.5,1602.9,1620.95,2771831.0
2026-06-11T00:00:00+00:00,1620.8,1661.0,1620.8,1653.25,3888961.0
2026-06-11T04:00:00+00:00,1653.15,1662.6,1645.3,1653.7,4012530.0
2026-06-11T08:00:00+00:00,1653.7,1673.35,1653.3,1665.85,3991558.0
2026-06-11T12:00:00+00:00,1665.85,1666.0,1635.15,1644.7,8187033.0
2026-06-11T16:00:00+00:00,1644.7,1693.15,1631.6,1680.9,9856392.0
2026-06-11T20:00:00+00:00,1681.7,1682.65,1666.35,1672.55,1629655.0
2026-06-12T00:00:00+00:00,1672.65,1677.6,1660.0,1672.35,2035914.0
2026-06-12T04:00:00+00:00,1672.55,1681.0,1651.05,1661.15,3984869.0
2026-06-12T08:00:00+00:00,1661.6,1684.95,1661.2,1672.85,5172200.0
2026-06-12T12:00:00+00:00,1672.85,1690.55,1652.25,1659.05,10113909.0
2026-06-12T16:00:00+00:00,1659.05,1677.1,1656.3,1665.9,4739647.0
2026-06-12T20:00:00+00:00,1665.65,1667.25,1658.15,1665.55,828226.0
2026-06-13T00:00:00+00:00,1665.25,1675.1,1662.6,1664.35,1490332.0
2026-06-13T04:00:00+00:00,1664.45,1677.0,1661.15,1675.5,2470359.0
2026-06-13T08:00:00+00:00,1675.6,1679.5,1672.0,1677.6,2190782.0
2026-06-13T12:00:00+00:00,1677.55,1685.8,1675.65,1681.4,3378871.0
2026-06-13T16:00:00+00:00,1681.8,1682.0,1670.35,1677.6,3297951.0
2026-06-13T20:00:00+00:00,1677.5,1695.75,1674.0,1680.4,1139892.0
2026-06-14T00:00:00+00:00,1680.2,1689.9,1678.0,1681.05,1172399.0
2026-06-14T04:00:00+00:00,1681.15,1682.0,1672.6,1674.9,2121440.0
2026-06-14T08:00:00+00:00,1675.0,1678.4,1668.0,1672.7,2574973.0
2026-06-14T12:00:00+00:00,1672.8,1673.85,1653.7,1662.0,4225181.0
2026-06-14T16:00:00+00:00,1662.0,1668.0,1658.0,1664.7,2453889.0
2026-06-14T20:00:00+00:00,1664.9,1732.05,1661.75,1724.7,4358327.0
2026-06-15T00:00:00+00:00,1724.8,1731.8,1708.6,1720.0,3078763.0
2026-06-15T04:00:00+00:00,1720.2,1723.3,1715.0,1715.75,2224600.0
2026-06-15T08:00:00+00:00,1715.7,1768.4,1711.25,1763.75,6293541.0
2026-06-15T12:00:00+00:00,1763.75,1848.85,1759.3,1844.6,12383031.0
2026-06-15T16:00:00+00:00,1844.45,1846.45,1810.5,1820.55,7824170.0
2026-06-15T20:00:00+00:00,1820.65,1825.85,1782.15,1795.25,2395359.0
2026-06-16T00:00:00+00:00,1795.2,1800.95,1763.85,1778.2,3301484.0
2026-06-16T04:00:00+00:00,1778.3,1782.4,1757.65,1773.45,4712546.0
2026-06-16T08:00:00+00:00,1773.3,1807.2,1772.2,1798.7,6537682.0
2026-06-16T12:00:00+00:00,1798.95,1839.0,1762.2,1781.4,14472481.0
2026-06-16T16:00:00+00:00,1781.4,1807.8,1771.75,1794.6,6586704.0
2026-06-16T20:00:00+00:00,1794.1,1799.9,1788.6,1792.3,1073932.0
2026-06-17T00:00:00+00:00,1792.75,1809.75,1778.65,1792.9,3228879.0
2026-06-17T04:00:00+00:00,1793.05,1800.6,1777.85,1784.35,2934313.0
2026-06-17T08:00:00+00:00,1784.35,1785.7,1758.2,1763.2,6299637.0
2026-06-17T12:00:00+00:00,1763.2,1776.35,1740.5,1772.5,10352955.0
2026-06-17T16:00:00+00:00,1772.45,1795.45,1728.2,1733.85,12816349.0
2026-06-17T20:00:00+00:00,1733.75,1751.0,1725.0,1749.6,1906931.0
2026-06-18T00:00:00+00:00,1749.95,1762.3,1740.35,1743.25,2228777.0
2026-06-18T04:00:00+00:00,1743.25,1752.75,1721.3,1748.85,4679948.0
2026-06-18T08:00:00+00:00,1748.85,1752.7,1738.35,1742.4,4471868.0
2026-06-18T12:00:00+00:00,1742.4,1752.3,1678.5,1681.3,11085420.0
2026-06-18T16:00:00+00:00,1681.0,1706.85,1670.95,1704.7,7029588.0
2026-06-18T20:00:00+00:00,1704.85,1716.4,1699.3,1710.15,1539918.0
2026-06-19T00:00:00+00:00,1710.25,1718.95,1681.4,1696.7,3453669.0
2026-06-19T04:00:00+00:00,1696.6,1702.9,1685.35,1695.2,3078874.0
2026-06-19T08:00:00+00:00,1695.25,1699.25,1686.2,1691.0,2570048.0
2026-06-19T12:00:00+00:00,1691.05,1711.4,1678.15,1707.0,7409226.0
2026-06-19T16:00:00+00:00,1706.9,1711.0,1692.6,1700.4,4341314.0
2026-06-19T20:00:00+00:00,1700.6,1714.45,1697.9,1710.3,1317834.0
2026-06-20T00:00:00+00:00,1710.0,1717.5,1703.1,1707.45,1644444.0
2026-06-20T04:00:00+00:00,1707.25,1732.8,1705.55,1725.15,4164199.0
2026-06-20T08:00:00+00:00,1725.25,1730.7,1720.35,1726.35,2425966.0
2026-06-20T12:00:00+00:00,1726.35,1749.2,1707.2,1739.75,7223760.0
2026-06-20T16:00:00+00:00,1739.85,1740.15,1720.0,1728.45,3280228.0
2026-06-20T20:00:00+00:00,1728.35,1745.7,1725.5,1740.0,1114743.0
2026-06-21T00:00:00+00:00,1740.1,1740.7,1732.75,1737.0,1239494.0
2026-06-21T04:00:00+00:00,1737.0,1740.55,1728.9,1731.45,2295826.0
2026-06-21T08:00:00+00:00,1731.45,1736.4,1717.7,1724.75,4061619.0
2026-06-21T12:00:00+00:00,1724.6,1731.95,1716.3,1729.9,3682795.0
2026-06-21T16:00:00+00:00,1729.75,1738.5,1720.8,1733.4,3301144.0
2026-06-21T20:00:00+00:00,1733.4,1734.65,1701.45,1706.4,2393134.0
2026-06-22T00:00:00+00:00,1706.5,1759.15,1706.5,1729.4,4213295.0
2026-06-22T04:00:00+00:00,1729.4,1751.0,1726.8,1745.75,2916021.0
2026-06-22T08:00:00+00:00,1745.9,1774.15,1742.9,1767.0,4397144.0
2026-06-22T12:00:00+00:00,1767.0,1779.0,1741.25,1744.1,7726536.0
2026-06-22T16:00:00+00:00,1744.1,1747.25,1728.5,1733.2,6055636.0
2026-06-22T20:00:00+00:00,1733.9,1738.9,1716.1,1727.4,1639583.0
2026-06-23T00:00:00+00:00,1727.0,1735.55,1719.4,1729.15,2241830.0
2026-06-23T04:00:00+00:00,1729.15,1730.7,1680.05,1682.05,5529942.0
2026-06-23T08:00:00+00:00,1682.05,1683.95,1633.85,1659.9,6828740.0
2026-06-23T12:00:00+00:00,1659.9,1671.6,1644.2,1658.85,8165476.0
2026-06-23T16:00:00+00:00,1658.95,1673.15,1649.0,1662.35,4774991.0
2026-06-23T20:00:00+00:00,1662.5,1672.1,1659.3,1666.4,974730.0
2026-06-24T00:00:00+00:00,1666.2,1679.7,1657.0,1666.0,2521647.0
2026-06-24T04:00:00+00:00,1666.05,1679.0,1657.15,1672.15,3026002.0
2026-06-24T08:00:00+00:00,1672.5,1691.95,1655.1,1678.6,5002789.0
2026-06-24T12:00:00+00:00,1678.65,1680.6,1616.0,1617.55,10805007.0
2026-06-24T16:00:00+00:00,1617.5,1635.4,1551.4,1583.65,12087142.0
2026-06-24T20:00:00+00:00,1583.75,1628.95,1578.95,1621.5,3478895.0
2026-06-25T00:00:00+00:00,1622.0,1626.0,1613.65,1618.85,1767788.0
2026-06-25T04:00:00+00:00,1619.05,1660.0,1616.25,1656.4,5301335.0
2026-06-25T08:00:00+00:00,1656.6,1658.3,1627.1,1632.35,5011470.0
2026-06-25T12:00:00+00:00,1632.35,1648.1,1531.75,1569.4,17030993.0
2026-06-25T16:00:00+00:00,1569.6,1587.05,1553.95,1558.35,8175002.0
2026-06-25T20:00:00+00:00,1559.0,1583.0,1556.0,1566.95,2238953.0
2026-06-26T00:00:00+00:00,1567.2,1570.85,1510.95,1557.15,6599834.0
2026-06-26T04:00:00+00:00,1557.45,1585.5,1542.75,1579.9,7757886.0
2026-06-26T08:00:00+00:00,1579.9,1581.35,1540.15,1544.5,6941793.0
2026-06-26T12:00:00+00:00,1544.45,1587.65,1520.4,1579.45,14587174.0
2026-06-26T16:00:00+00:00,1579.4,1593.9,1569.6,1573.5,6846439.0
2026-06-26T20:00:00+00:00,1574.1,1582.75,1567.2,1577.95,1237247.0
2026-06-27T00:00:00+00:00,1577.85,1586.35,1570.65,1580.05,1630048.0
2026-06-27T04:00:00+00:00,1579.75,1585.75,1574.4,1584.8,2352702.0
2026-06-27T08:00:00+00:00,1584.8,1585.25,1578.05,1583.1,1917467.0
2026-06-27T12:00:00+00:00,1583.2,1610.5,1580.55,1604.95,4748674.0
2026-06-27T16:00:00+00:00,1604.95,1607.35,1572.05,1577.6,4800257.0
2026-06-27T20:00:00+00:00,1577.5,1584.5,1561.8,1573.05,1393439.0
2026-06-28T00:00:00+00:00,1573.05,1579.1,1568.2,1574.25,1397834.0
2026-06-28T04:00:00+00:00,1574.35,1576.7,1561.7,1575.25,2765000.0
2026-06-28T08:00:00+00:00,1575.1,1585.6,1571.1,1582.2,3744608.0
2026-06-28T12:00:00+00:00,1582.2,1588.4,1574.05,1580.0,3266760.0
2026-06-28T16:00:00+00:00,1580.0,1581.3,1555.7,1563.75,3654476.0
2026-06-28T20:00:00+00:00,1563.5,1581.3,1547.0,1571.2,2083589.0
2026-06-29T00:00:00+00:00,1571.25,1588.8,1549.45,1584.05,3667901.0
2026-06-29T04:00:00+00:00,1584.05,1588.3,1561.25,1579.35,3501738.0
2026-06-29T08:00:00+00:00,1579.5,1586.45,1569.25,1574.25,4036064.0
2026-06-29T12:00:00+00:00,1574.25,1596.5,1556.55,1579.45,10475083.0
2026-06-29T16:00:00+00:00,1580.0,1637.55,1573.3,1625.0,8484739.0
2026-06-29T20:00:00+00:00,1625.2,1626.15,1606.9,1612.1,1539239.0
2026-06-30T00:00:00+00:00,1611.75,1613.55,1585.6,1586.35,2675127.0
2026-06-30T04:00:00+00:00,1586.35,1595.05,1578.8,1591.6,3182696.0
2026-06-30T08:00:00+00:00,1591.7,1593.65,1575.35,1577.95,3978443.0
2026-06-30T12:00:00+00:00,1577.75,1577.75,1549.7,1564.55,11203663.0
2026-06-30T16:00:00+00:00,1564.55,1581.4,1561.2,1579.9,5149257.0
2026-06-30T20:00:00+00:00,1579.6,1582.5,1565.25,1571.45,1544558.0
2026-07-01T00:00:00+00:00,1571.45,1598.95,1552.1,1594.1,4634016.0
2026-07-01T04:00:00+00:00,1594.15,1603.85,1570.45,1577.8,4679551.0
2026-07-01T08:00:00+00:00,1577.6,1584.5,1566.4,1569.0,4659434.0
2026-07-01T12:00:00+00:00,1569.15,1630.7,1564.5,1619.3,12293651.0
2026-07-01T16:00:00+00:00,1619.35,1628.25,1606.05,1617.45,6749803.0
2026-07-01T20:00:00+00:00,1616.95,1645.95,1607.4,1608.75,2851936.0
2026-07-02T00:00:00+00:00,1608.95,1642.05,1596.15,1638.9,4214445.0
2026-07-02T04:00:00+00:00,1638.75,1639.2,1613.9,1615.5,4146191.0
2026-07-02T08:00:00+00:00,1615.45,1654.15,1614.5,1649.5,6611054.0
2026-07-02T12:00:00+00:00,1649.5,1724.35,1646.95,1696.3,15563243.0
2026-07-02T16:00:00+00:00,1696.4,1706.6,1685.3,1699.8,5903368.0
2026-07-02T20:00:00+00:00,1699.75,1706.05,1691.25,1699.95,1046301.0
2026-07-03T00:00:00+00:00,1699.65,1718.35,1693.8,1705.6,3564254.0
2026-07-03T04:00:00+00:00,1705.7,1721.6,1701.55,1717.05,3371700.0
2026-07-03T08:00:00+00:00,1717.2,1748.6,1714.75,1741.65,7647508.0
2026-07-03T12:00:00+00:00,1742.0,1753.0,1727.75,1730.45,9612855.0
2026-07-03T16:00:00+00:00,1730.35,1752.85,1726.65,1744.85,4968906.0
2026-07-03T20:00:00+00:00,1744.85,1775.25,1742.75,1757.4,3424518.0
2026-07-04T00:00:00+00:00,1757.4,1763.4,1743.25,1753.2,2361596.0
2026-07-04T04:00:00+00:00,1753.15,1764.3,1750.65,1757.4,3496208.0
2026-07-04T08:00:00+00:00,1757.5,1764.95,1754.0,1757.3,2746034.0
2026-07-04T12:00:00+00:00,1757.35,1798.0,1757.25,1790.5,7370074.0
2026-07-04T16:00:00+00:00,1790.5,1807.0,1778.0,1792.0,7758631.0
2026-07-04T20:00:00+00:00,1792.0,1795.25,1771.3,1780.05,2139541.0
2026-07-05T00:00:00+00:00,1780.0,1780.05,1756.1,1760.65,3131653.0
2026-07-05T04:00:00+00:00,1760.75,1772.05,1759.2,1769.15,3997380.0
2026-07-05T08:00:00+00:00,1769.15,1772.4,1748.4,1759.35,4489353.0
2026-07-05T12:00:00+00:00,1759.25,1780.7,1755.3,1773.95,5077325.0
2026-07-05T16:00:00+00:00,1773.85,1785.35,1769.25,1780.75,3721562.0
2026-07-05T20:00:00+00:00,1780.7,1807.7,1768.6,1785.3,3104674.0
2026-07-06T00:00:00+00:00,1785.25,1798.45,1771.3,1779.0,3626679.0
2026-07-06T04:00:00+00:00,1779.0,1783.95,1763.9,1771.4,3221088.0
2026-07-06T08:00:00+00:00,1771.4,1777.8,1755.1,1758.7,5340192.0
2026-07-06T12:00:00+00:00,1758.65,1788.35,1728.3,1787.45,14668372.0
2026-07-06T16:00:00+00:00,1787.75,1804.55,1781.8,1792.0,7100389.0
2026-07-06T20:00:00+00:00,1791.75,1833.05,1786.45,1798.8,2963662.0
2026-07-07T00:00:00+00:00,1799.0,1809.7,1767.9,1770.65,3589712.0
2026-07-07T04:00:00+00:00,1770.3,1782.1,1756.6,1770.5,4686396.0
2026-07-07T08:00:00+00:00,1770.55,1784.15,1767.35,1780.0,4339418.0
2026-07-07T12:00:00+00:00,1780.0,1802.6,1760.05,1796.7,10715020.0
2026-07-07T16:00:00+00:00,1796.75,1812.25,1772.55,1789.65,7442186.0
2026-07-07T20:00:00+00:00,1789.65,1792.5,1764.45,1770.55,1679127.0
2026-07-08T00:00:00+00:00,1770.6,1784.0,1740.4,1750.75,4442247.0
2026-07-08T04:00:00+00:00,1751.0,1759.05,1744.2,1755.8,3291094.0
2026-07-08T08:00:00+00:00,1755.8,1758.0,1724.3,1747.45,6841907.0
2026-07-08T12:00:00+00:00,1747.45,1751.0,1712.45,1722.15,8369834.0
2026-07-08T16:00:00+00:00,1722.35,1745.9,1722.05,1740.35,6510156.0
2026-07-08T20:00:00+00:00,1740.6,1744.05,1730.6,1742.75,1024320.0
2026-07-09T00:00:00+00:00,1742.75,1755.25,1720.75,1730.0,3781420.0
2026-07-09T04:00:00+00:00,1729.95,1761.7,1729.4,1752.6,5091324.0
2026-07-09T08:00:00+00:00,1752.45,1758.05,1740.25,1743.05,3534516.0
2026-07-09T12:00:00+00:00,1743.1,1751.7,1732.65,1738.7,6615136.0
2026-07-09T16:00:00+00:00,1738.7,1759.2,1731.1,1747.85,4413243.0
2026-07-09T20:00:00+00:00,1748.15,1750.4,1740.6,1744.25,892648.0
2026-07-10T00:00:00+00:00,1744.6,1779.1,1736.7,1775.4,3124207.0
2026-07-10T04:00:00+00:00,1775.5,1779.75,1767.75,1772.45,3211314.0
2026-07-10T08:00:00+00:00,1772.65,1802.0,1771.65,1800.85,5142514.0
2026-07-10T12:00:00+00:00,1800.6,1810.5,1774.8,1790.55,8632710.0
2026-07-10T16:00:00+00:00,1790.55,1798.9,1780.8,1792.15,5061544.0
2026-07-10T20:00:00+00:00,1791.85,1797.25,1788.6,1796.1,790293.0
2026-07-11T00:00:00+00:00,1796.0,1798.55,1786.5,1795.7,1342242.0
2026-07-11T04:00:00+00:00,1795.65,1802.75,1793.6,1799.05,2129861.0
2026-07-11T08:00:00+00:00,1799.05,1802.9,1794.3,1799.7,1626798.0
2026-07-11T12:00:00+00:00,1799.65,1827.2,1797.5,1814.1,4824622.0
2026-07-11T16:00:00+00:00,1814.2,1829.5,1809.75,1823.8,4090559.0
2026-07-11T20:00:00+00:00,1823.8,1828.65,1785.7,1786.65,2131596.0
2026-07-12T00:00:00+00:00,1786.35,1812.5,1778.55,1810.9,3032111.0
2026-07-12T04:00:00+00:00,1810.9,1811.9,1788.3,1797.95,3695967.0
2026-07-12T08:00:00+00:00,1797.9,1808.35,1795.5,1802.95,3559101.0
2026-07-12T12:00:00+00:00,1802.75,1826.0,1802.05,1820.0,4506197.0
2026-07-12T16:00:00+00:00,1820.0,1823.5,1814.05,1820.65,2578757.0
2026-07-12T20:00:00+00:00,1820.6,1823.3,1796.4,1805.9,1757736.0
2026-07-13T00:00:00+00:00,1805.75,1845.3,1773.9,1779.75,7350918.0
2026-07-13T04:00:00+00:00,1779.75,1790.65,1773.2,1786.65,4049966.0
2026-07-13T08:00:00+00:00,1786.7,1792.6,1776.05,1779.85,3135884.0
2026-07-13T12:00:00+00:00,1779.95,1785.8,1761.6,1775.95,7754587.0
2026-07-13T16:00:00+00:00,1776.3,1780.35,1749.95,1773.95,6343858.0
2026-07-13T20:00:00+00:00,1773.8,1777.8,1751.5,1776.05,2165726.0
2026-07-14T00:00:00+00:00,1776.55,1794.15,1772.55,1783.05,3662777.0
2026-07-14T04:00:00+00:00,1783.0,1792.6,1778.4,1779.95,2974626.0
2026-07-14T08:00:00+00:00,1780.05,1804.6,1777.85,1797.1,4196768.0
2026-07-14T12:00:00+00:00,1797.3,1887.65,1793.3,1874.5,14256053.0
2026-07-14T16:00:00+00:00,1874.6,1880.85,1860.1,1875.85,4834735.0
2026-07-14T20:00:00+00:00,1876.5,1896.75,1871.05,1891.0,1818348.0
2026-07-15T00:00:00+00:00,1891.6,1892.55,1863.3,1875.4,2943193.0
2026-07-15T04:00:00+00:00,1875.3,1891.35,1863.35,1869.1,4429903.0
2026-07-15T08:00:00+00:00,1869.25,1885.75,1869.05,1883.6,3565051.0
2026-07-15T12:00:00+00:00,1883.7,1946.15,1878.4,1930.95,12659429.0
2026-07-15T16:00:00+00:00,1931.3,1936.55,1903.35,1923.3,7550905.0
2026-07-15T20:00:00+00:00,1923.4,1930.0,1914.0,1917.0,1164543.0
2026-07-16T00:00:00+00:00,1916.6,1928.4,1907.1,1918.0,2426069.0
2026-07-16T04:00:00+00:00,1917.9,1928.75,1904.3,1909.95,3230504.0
2026-07-16T08:00:00+00:00,1910.0,1912.25,1874.5,1884.25,6088434.0
2026-07-16T12:00:00+00:00,1884.0,1894.05,1866.5,1880.85,8781027.0
2026-07-16T16:00:00+00:00,1881.0,1882.5,1861.35,1875.05,4998360.0
2026-07-16T20:00:00+00:00,1874.9,1881.15,1856.55,1863.85,1299032.0
2026-07-17T00:00:00+00:00,1863.6,1870.25,1842.1,1851.7,4270212.0
2026-07-17T04:00:00+00:00,1851.7,1852.4,1820.1,1827.4,5411687.0
2026-07-17T08:00:00+00:00,1827.4,1842.4,1820.4,1838.3,4213900.0
2026-07-17T12:00:00+00:00,1838.3,1839.5,1802.45,1830.3,10367359.0
2026-07-17T16:00:00+00:00,1830.3,1855.65,1825.95,1843.0,6766536.0
2026-07-17T20:00:00+00:00,1842.65,1845.8,1834.25,1840.9,996963.0
2026-07-18T00:00:00+00:00,1841.2,1846.1,1838.45,1845.2,973604.0
2026-07-18T04:00:00+00:00,1845.3,1848.9,1841.4,1843.55,1601388.0
2026-07-18T08:00:00+00:00,1843.35,1848.75,1841.25,1844.75,1161407.0
2026-07-18T12:00:00+00:00,1844.75,1849.85,1836.5,1843.15,2969403.0
2026-07-18T16:00:00+00:00,1843.1,1866.9,1840.35,1857.35,3290031.0
2026-07-18T20:00:00+00:00,1857.7,1864.8,1854.2,1861.7,986622.0
2026-07-19T00:00:00+00:00,1861.95,1877.0,1857.55,1866.4,2085981.0
2026-07-19T04:00:00+00:00,1866.4,1871.25,1863.35,1869.4,1539595.0
2026-07-19T08:00:00+00:00,1869.3,1878.65,1863.0,1870.4,3272718.0
2026-07-19T12:00:00+00:00,1870.3,1878.45,1863.25,1870.1,3561123.0
2026-07-19T16:00:00+00:00,1870.1,1873.1,1850.8,1861.45,4535986.0
2026-07-19T20:00:00+00:00,1861.7,1876.5,1856.2,1871.45,1509181.0
2026-07-20T00:00:00+00:00,1871.55,1891.25,1861.15,1878.95,3670211.0
2026-07-20T04:00:00+00:00,1879.0,1879.3,1842.0,1863.2,4988342.0
2026-07-20T08:00:00+00:00,1863.2,1895.85,1853.2,1892.5,5975702.0
2026-07-20T12:00:00+00:00,1892.35,1904.4,1852.6,1901.55,10412100.0
2026-07-20T16:00:00+00:00,1901.65,1917.8,1889.0,1897.65,6827765.0
2026-07-20T20:00:00+00:00,1897.85,1906.85,1893.3,1903.6,1015492.0
2026-07-21T00:00:00+00:00,1902.8,1927.9,1899.7,1926.05,3028528.0
2026-07-21T04:00:00+00:00,1925.75,1939.35,1920.9,1933.25,3751372.0
2026-07-21T08:00:00+00:00,1933.25,1953.0,1925.85,1934.85,5083211.0
2026-07-21T12:00:00+00:00,1934.9,1944.7,1922.35,1930.95,7458024.0
2026-07-21T16:00:00+00:00,1930.85,1934.65,1914.0,1922.45,4680955.0
2026-07-21T20:00:00+00:00,1922.55,1930.75,1915.65,1929.25,912972.0
2026-07-22T00:00:00+00:00,1929.4,1943.95,1925.75,1927.65,2886502.0
2026-07-22T04:00:00+00:00,1927.4,1938.7,1909.7,1913.25,4080359.0
2026-07-22T08:00:00+00:00,1913.4,1933.0,1913.0,1926.5,4072967.0
2026-07-22T12:00:00+00:00,1926.3,1955.8,1912.4,1942.05,9331845.0
2026-07-22T16:00:00+00:00,1942.15,1955.85,1920.0,1924.0,5954320.0
2026-07-22T20:00:00+00:00,1923.0,1938.75,1921.65,1933.3,873099.0
2026-07-23T00:00:00+00:00,1933.45,1940.75,1916.7,1919.55,1925832.0
2026-07-23T04:00:00+00:00,1919.5,1927.75,1911.35,1914.7,2630064.0
2026-07-23T08:00:00+00:00,1914.7,1930.65,1913.35,1924.6,2969762.0
2026-07-23T12:00:00+00:00,1924.7,1927.0,1881.95,1894.45,8942431.0
2026-07-23T16:00:00+00:00,1894.5,1894.75,1868.25,1875.1,4233306.0
2026-07-23T20:00:00+00:00,1874.1,1887.95,1873.2,1877.4,1188908.0
2026-07-24T00:00:00+00:00,1877.5,1880.45,1858.95,1879.9,3048999.0
2026-07-24T04:00:00+00:00,1879.95,1909.35,1872.4,1895.0,4393601.0
2026-07-24T08:00:00+00:00,1895.0,1895.05,1875.45,1883.0,3767552.0
2026-07-24T12:00:00+00:00,1883.05,1885.2,1847.0,1861.25,9007122.0
2026-07-24T16:00:00+00:00,1861.25,1866.0,1852.45,1862.9,3094965.0
2026-07-24T20:00:00+00:00,1863.1,1864.65,1855.75,1860.55,671664.0
2026-07-25T00:00:00+00:00,1860.65,1863.95,1854.85,1857.9,779891.0
2026-07-25T04:00:00+00:00,1857.7,1862.5,1853.3,1855.1,1259714.0
2026-07-25T08:00:00+00:00,1855.2,1859.45,1850.25,1857.0,1505183.0
2026-07-25T12:00:00+00:00,1857.1,1871.35,1856.05,1867.0,2885174.0
2026-07-25T16:00:00+00:00,1867.2,1876.1,1863.55,1873.75,2331991.0
2026-07-25T20:00:00+00:00,1873.8,1876.35,1866.3,1873.9,780425.0
2026-07-26T00:00:00+00:00,1874.0,1883.35,1873.0,1881.35,1162608.0
2026-07-26T04:00:00+00:00,1881.5,1888.7,1877.45,1880.9,2373107.0
2026-07-26T08:00:00+00:00,1880.8,1887.2,1878.4,1885.0,1498240.0
2026-07-26T12:00:00+00:00,1885.0,1916.75,1880.5,1913.85,5480557.0
2026-07-26T16:00:00+00:00,1914.0,1927.6,1907.9,1913.5,4139347.0
2026-07-26T20:00:00+00:00,1913.5,1966.6,1910.55,1953.85,3182794.0
2026-07-27T00:00:00+00:00,1954.0,1954.7,1935.55,1949.0,2548425.0
2026-07-27T04:00:00+00:00,1949.0,1981.0,1947.75,1963.55,5352800.0
2026-07-27T08:00:00+00:00,1963.85,1971.4,1955.95,1958.75,3623013.0
2026-07-27T12:00:00+00:00,1958.6,1977.4,1917.7,1926.75,13057956.0
2026-07-27T16:00:00+00:00,1927.05,1954.6,1921.9,1946.95,5942007.0
2026-07-27T20:00:00+00:00,1947.6,1949.7,1881.2,1891.5,2727133.0
2026-07-28T00:00:00+00:00,1891.4,1893.4,1865.15,1880.4,3196435.0
2026-07-28T04:00:00+00:00,1880.15,1888.65,1875.35,1882.75,2686623.0
2026-07-28T08:00:00+00:00,1882.65,1885.0,1870.7,1875.65,3346505.0
2026-07-28T12:00:00+00:00,1875.85,1923.85,1856.0,1919.35,12319397.0
2026-07-28T16:00:00+00:00,1919.35,1928.55,1892.0,1921.0,7641924.0
2026-07-28T20:00:00+00:00,1921.4,1929.0,1903.0,1921.2,1912446.0
2026-07-29T00:00:00+00:00,1921.3,1927.95,1890.0,1891.95,3801683.0
2026-07-29T04:00:00+00:00,1892.1,1925.0,1883.45,1924.1,4696599.0
2026-07-29T08:00:00+00:00,1924.1,1924.8,1909.1,1914.3,3344302.0
2026-07-29T12:00:00+00:00,1914.3,1914.3,1886.2,1891.15,6943818.0
2026-07-29T16:00:00+00:00,1891.3,1934.6,1882.7,1888.35,10887009.0
2026-07-29T20:00:00+00:00,1887.9,1912.4,1872.8,1909.75,2534268.0
2026-07-30T00:00:00+00:00,1909.95,1920.8,1893.0,1909.4,2407179.0
2026-07-30T04:00:00+00:00,1909.5,1910.4,1898.4,1902.45,2486122.0
2026-07-30T08:00:00+00:00,1902.35,1925.65,1899.5,1922.4,3329411.0
2026-07-30T12:00:00+00:00,1922.4,1936.3,1912.4,1918.05,6909273.0
2026-07-30T16:00:00+00:00,1918.05,1928.65,1914.15,1922.5,3254201.0
2026-07-30T20:00:00+00:00,1922.95,1936.25,1915.1,1917.3,1444386.0
2026-07-31T00:00:00+00:00,1917.8,1935.65,1898.0,1907.9,3928740.0
2026-07-31T04:00:00+00:00,1907.7,1910.5,1883.4,1888.95,4124442.0
2026-07-31T08:00:00+00:00,1888.95,1892.55,1876.55,1883.65,3887328.0
2026-07-31T12:00:00+00:00,1883.7,1890.0,1847.25,1862.0,10714356.0
2026-07-31T16:00:00+00:00,1862.05,1877.35,1859.95,1867.15,4813403.0
2026-07-31T20:00:00+00:00,1867.55,1870.0,1857.8,1861.6,1098958.0
2026-08-01T00:00:00+00:00,1861.85,1869.4,1861.55,1869.1,845761.0
2026-08-01T04:00:00+00:00,1869.1,1871.35,1864.25,1868.9,1558818.0
2026-08-01T08:00:00+00:00,1868.95,1869.85,1862.0,1866.25,1483231.0
2026-08-01T12:00:00+00:00,1866.25,1874.7,1866.25,1869.15,2119194.0
2026-08-01T16:00:00+00:00,1869.15,1872.95,1820.8,1836.45,7028082.0
2026-08-01T20:00:00+00:00,1836.5,1848.65,1832.0,1844.25,1673703.0
2026-08-02T00:00:00+00:00,1844.25,1884.2,1843.0,1876.6,3250072.0
2026-08-02T04:00:00+00:00,1876.95,1882.05,1874.0,1875.3,1952883.0
2026-08-02T08:00:00+00:00,1875.45,1878.45,1848.15,1851.75,4594928.0
2026-08-02T12:00:00+00:00,1851.7,1862.2,1851.25,1857.75,3469156.0
2026-08-02T16:00:00+00:00,1857.85,1886.5,1854.9,1881.35,4082380.0
2026-08-02T20:00:00+00:00,1881.4,1898.15,1875.5,1884.45,2351597.0
2026-08-03T00:00:00+00:00,1884.25,1885.25,1850.0,1856.25,3343829.0
2026-08-03T04:00:00+00:00,1856.15,1862.45,1839.2,1843.05,4205568.0
2026-08-03T08:00:00+00:00,1842.85,1853.8,1827.4,1838.95,5950671.0
2026-08-03T12:00:00+00:00,1839.05,1873.35,1835.65,1862.6,10034414.0
2026-08-03T16:00:00+00:00,1862.8,1875.85,1860.75,1868.85,4200983.0
2026-08-03T20:00:00+00:00,1869.5,1875.3,1851.45,1859.85,1832918.0
2026-08-04T00:00:00+00:00,1859.75,1871.35,1847.45,1863.55,3257851.0
2026-08-04T04:00:00+00:00,1863.55,1874.15,1852.5,1863.3,3680487.0
2026-08-04T08:00:00+00:00,1863.2,1874.2,1852.75,1872.05,3678907.0
2026-08-04T12:00:00+00:00,1872.0,1881.35,1857.6,1872.3,8476354.0
2026-08-04T16:00:00+00:00,1872.2,1880.8,1864.5,1874.3,4256601.0
2026-08-04T20:00:00+00:00,1874.45,1880.6,1865.3,1868.95,1398344.0
2026-08-05T00:00:00+00:00,1868.85,1877.5,1860.3,1866.95,2676707.0
2026-08-05T04:00:00+00:00,1866.9,1877.0,1862.5,1871.85,2441403.0
2026-08-05T08:00:00+00:00,1871.85,1875.35,1865.0,1868.0,2372622.0
2026-08-05T12:00:00+00:00,1867.9,1884.95,1854.6,1873.0,9246732.0
2026-08-05T16:00:00+00:00,1872.9,1927.25,1872.4,1916.15,9299583.0
2026-08-05T20:00:00+00:00,1916.45,1924.0,1903.25,1908.05,1879649.0
2026-08-06T00:00:00+00:00,1908.5,1913.1,1893.85,1897.9,2205856.0
2026-08-06T04:00:00+00:00,1898.0,1918.05,1894.7,1908.5,3403966.0
2026-08-06T08:00:00+00:00,1908.65,1919.5,1895.8,1906.95,3794242.0
2026-08-06T12:00:00+00:00,1906.95,1919.15,1891.7,1909.85,7987288.0
2026-08-06T16:00:00+00:00,1910.3,1917.85,1903.05,1909.05,4050046.0
2026-08-06T20:00:00+00:00,1908.85,1910.15,1897.9,1903.1,1078919.0
2026-08-07T00:00:00+00:00,1903.05,1907.95,1895.45,1896.6,1895158.0
2026-08-07T04:00:00+00:00,1896.5,1907.0,1893.35,1901.65,2291862.0
2026-08-07T08:00:00+00:00,1901.65,1920.55,1901.05,1915.6,3241912.0
2026-08-07T12:00:00+00:00,1915.65,1940.6,1909.5,1916.65,10465445.0
2026-08-07T16:00:00+00:00,1917.0,1924.4,1904.15,1917.9,4800985.0
2026-08-07T20:00:00+00:00,1918.1,1921.05,1911.8,1913.15,732179.0
2026-08-08T00:00:00+00:00,1913.1,1918.45,1911.2,1917.3,687009.0
2026-08-08T04:00:00+00:00,1917.2,1918.7,1912.85,1914.35,961206.0
2026-08-08T08:00:00+00:00,1914.35,1923.0,1913.8,1920.1,1558374.0
2026-08-08T12:00:00+00:00,1920.05,1925.9,1917.65,1921.9,1817946.0
2026-08-08T16:00:00+00:00,1921.8,1925.6,1918.55,1919.6,1388046.0
2026-08-08T20:00:00+00:00,1919.25,1921.95,1913.8,1915.95,672644.0
2026-08-09T00:00:00+00:00,1915.95,1919.45,1911.4,1913.1,1010575.0
2026-08-09T04:00:00+00:00,1913.05,1918.95,1912.1,1918.25,1198696.0
2026-08-09T08:00:00+00:00,1918.35,1924.7,1912.3,1918.3,2310583.0
2026-08-09T12:00:00+00:00,1918.3,1926.8,1915.5,1925.8,2223036.0
2026-08-09T16:00:00+00:00,1925.7,1926.3,1919.0,1921.15,1372826.0
2026-08-09T20:00:00+00:00,1921.15,1937.6,1906.4,1909.65,2318251.0
2026-08-10T00:00:00+00:00,1909.25,1930.9,1905.0,1916.6,3696797.0
2026-08-10T04:00:00+00:00,1916.5,1930.25,1911.35,1924.8,2168983.0
2026-08-10T08:00:00+00:00,1924.8,1929.05,1913.4,1919.7,2721189.0
2026-08-10T12:00:00+00:00,1919.5,1922.75,1870.2,1876.05,9889617.0
2026-08-10T16:00:00+00:00,1876.05,1879.9,1867.1,1877.4,4672146.0
2026-08-10T20:00:00+00:00,1877.4,1880.6,1869.15,1872.25,796475.0
2026-08-11T00:00:00+00:00,1872.3,1881.45,1870.3,1880.2,1080900.0
2026-08-11T04:00:00+00:00,1880.2,1881.35,1869.6,1876.9,2282326.0
2026-08-11T08:00:00+00:00,1876.9,1895.2,1874.6,1892.2,3519851.0
2026-08-11T12:00:00+00:00,1892.1,1897.25,1852.4,1861.95,8794686.0
2026-08-11T16:00:00+00:00,1862.0,1884.3,1858.65,1881.0,3607997.0
2026-08-11T20:00:00+00:00,1881.35,1887.0,1878.15,1881.85,1323688.0
2026-08-12T00:00:00+00:00,1881.7,1887.5,1880.0,1885.85,1197172.0
2026-08-12T04:00:00+00:00,1885.9,1892.5,1884.3,1890.9,2423194.0
2026-08-12T08:00:00+00:00,1890.9,1915.35,1888.9,1914.9,5378524.0
2026-08-12T12:00:00+00:00,1914.9,1924.5,1883.35,1891.8,8920848.0
2026-08-12T16:00:00+00:00,1891.6,1895.0,1876.9,1878.65,3054129.0
2026-08-12T20:00:00+00:00,1878.55,1888.95,1872.15,1878.85,1416528.0
2026-08-13T00:00:00+00:00,1878.85,1888.35,1872.3,1886.65,1681362.0
2026-08-13T04:00:00+00:00,1886.75,1899.85,1884.55,1894.6,2811416.0
2026-08-13T08:00:00+00:00,1894.75,1896.25,1874.45,1879.55,3685080.0
2026-08-13T12:00:00+00:00,1879.55,1897.0,1878.1,1879.1,6189199.0
2026-08-13T16:00:00+00:00,1879.25,1892.0,1862.5,1886.15,5286939.0
2026-08-13T20:00:00+00:00,1886.8,1892.3,1883.55,1885.35,690891.0
2026-08-14T00:00:00+00:00,1885.45,1890.75,1881.6,1882.2,1318608.0
2026-08-14T04:00:00+00:00,1882.25,1887.05,1871.2,1872.3,2319678.0
2026-08-14T08:00:00+00:00,1872.4,1878.1,1868.3,1875.25,1569230.0
